air_temperature,process_temperature,rotational_speed,torque,tool_wear,target
0.029556568622878428,0.4141201774312308,-0.35476504799614683,0.7415377302637474,1.2244640885027351,1
-1.4740406060459976,-1.5699528958003346,-0.49684583914123437,0.7031509284112748,0.9653934024463454,0
1.623975049144211,1.4176652585553198,0.7234144069322873,1.2789529561983666,0.76513876403519,1
-1.6859569863684634,-1.8599682174095866,0.04633028275857066,-1.2939224379636225,-1.3312332198913797,0
-0.6314207128590743,0.055053588772166775,-0.3371621181197645,1.0064066630458095,1.5227454729892809,1
0.16074289929868102,-0.29020274647694533,-0.31955918824338075,0.04193826650243083,0.031338550556551055,0
1.5281081151888147,1.6340258953114426,0.4631425151886312,-1.025214824996313,-0.6324425585825232,0
1.361602387792606,0.9112893001899449,-0.07437552210805173,-0.49739629952481235,-0.22633175341304745,0
1.2354616852197144,1.9470583059372812,0.5373262910962433,0.5323296601677707,-1.271016790159354,0
1.5381993713946656,2.2831078055797587,-0.4415223452440322,0.8816495570252731,1.4877359208194985,1
-0.6314207128590743,-1.0175427594017603,0.20727135591406956,-1.3889297725484926,0.5998936777938173,0
-0.046127852920873694,0.06426042437880139,-1.021790355097644,-1.4800984269481154,-1.2766183185065194,0
-1.3832193001935122,-1.0313530128117123,0.2707676386824491,1.324057448375022,1.379906500136569,1
-1.01488844868066,-1.4778845397339098,-0.34093417452184593,-1.9906428915860035,-0.21092755045834308,1
0.9377696271477031,0.8284277797301811,-2.5167820424561373,-0.7536282018900677,-0.3467646128770988,0
0.48366309788527645,0.11029460241202681,0.32860583684770645,-0.602960004619112,-0.8579040745559218,0
-0.4901431259774495,-1.054370101828325,1.0572413985165439,1.3643635903201186,-0.45039288729965476,1
1.144640379367229,1.2749593066523524,-0.24034600379965965,-1.2094714738881824,-1.2906221393744322,0
0.25660983325407744,0.14251852703527412,1.4803403916167395,-1.185479722730387,0.1853805801035934,0
-1.0249797048865108,-0.5479941434629501,2.3189942650129667,0.6503690758641243,0.28760847243935816,1
-1.1410291512535515,-0.4006847737566654,0.009867070871778419,-1.1326978701832369,-0.028877879175474627,0
0.7258532468252373,0.14251852703527412,-1.1305513146910076,-0.35248612253172706,-0.40277989634875067,0
-1.2318504571060367,-1.1740589647146797,0.3506094991931847,2.2827678246405303,-0.6254406481485667,1
1.4826974622625864,1.942454888133964,-0.8136985769161217,0.1858887734492038,-1.6757272132420387,0
-0.8887477461077684,-0.8426128828755195,-1.0563675387833955,0.2492269965057836,0.44585164824677476,0
-0.34886553909579615,-1.2246965605512223,0.11485597406306063,-0.7565072120290033,0.8953742981067806,0
0.4584349573706924,0.4003099240212789,0.5788189115191446,1.4017907221262798,0.8673666563709547,1
0.09010410585786865,0.36808599939803155,2.4321559570754263,0.9968099625826912,0.7021215701295817,1
1.3969217845130122,1.6616464021313726,-0.1548460586858019,1.7511106189837822,0.06774848481312486,1
-0.2681354894491616,0.30824156795485425,0.2713963147494636,-1.2872047476394397,1.5395500580307766,1
0.5189824946056826,0.6719115744172356,0.1984698909758777,-0.4916382792469412,-0.3033527681865687,0
-0.318591770478301,-0.2211514794271334,-0.29629817376387635,-1.4916144675038574,0.29601076496010587,0
-0.0007171999946166832,-0.230358315033768,0.8208591973194053,-1.993521901724939,-0.7136647196164183,1
0.33733988290074063,0.12870827362529605,-0.3924856120169667,-0.800652034159347,1.223063706415944,1
0.049739081034522716,0.0688638421821187,-0.7533456744828091,0.002591794603645861,-0.1759179982885607,0
0.03964782482870057,0.14251852703527412,1.1238810616199917,-0.35248612253172706,1.5283470013364462,0
0.5744844037377618,0.745566259270391,-0.6665883772349237,-0.5156300304047368,1.073222823129275,0
-0.13694915877335903,-1.0037325059917823,-1.4989554899610158,-0.9810700028659691,0.13776758915268966,1
-1.802006432735504,-1.3397820056342598,0.4606278109205759,0.43348364539765316,-0.06248704925846581,0
-1.78182392032386,-1.8691750530162212,-1.3191541347951068,0.10335714946638735,0.8631655101105806,0
0.4382524449590481,-0.32703008890353613,-0.6735038139720748,1.222332423465969,1.603967634023176,1
-0.030990968612111796,-0.004790842671010566,-1.360018079150995,0.08704275867908626,0.7665391461219812,0
0.640077569075663,0.27601764333158074,-1.4907827010898382,0.1695743826619027,-0.19132220124326507,0
-0.8887477461077684,-0.9761119991718523,-0.48238628959992036,-0.3016236100772005,-0.8607048387295044,0
-0.23281609272875545,1.1092362657327723,-0.8174706333182031,-0.4350177465145435,0.8631655101105806,0
-0.06126473722960691,-0.49735654762640735,-1.2047350905986212,-0.2737931787341578,-0.1241038610772829,0
-1.262124225723532,-0.7965787048423203,0.016782507608929582,-0.6125567050822304,-0.07649087012637876,0
1.563427511909221,1.77673184721441,0.18903974997067272,1.107172017908551,1.0242094500915797,0
-0.4144587044336974,-0.7781650336290249,0.2123007644501786,0.9699392012859608,-0.6954597524881315,0
-1.54467939948681,-1.8875887242295166,0.49017558607021844,0.09472011904958065,-1.3914496496234057,0
-1.6556832177509684,-0.6768898419559656,-0.03854098628827401,-1.8409343643613598,-0.41958448139024623,1
0.9377696271477031,1.7951455184276792,-0.3032136105010261,2.2155909213987024,1.3448969479667865,1
-0.6213294566532521,-0.5249770544463374,-1.4624922780742236,0.47666879748168534,0.472458907895809,0
1.7147963549966965,1.3992515873420244,0.11296994586201992,-0.5453798018404034,-1.5048805986535005,0
0.16074289929868102,-0.1014626165407787,2.1247333603057452,-0.007004905859471792,1.30568624953663,0
0.35247676720947385,0.09648434900204872,1.3476897414768556,1.6618613046767823,-1.0595590950538685,1
0.25156420515116634,-0.15210021237729526,-0.14667326981462311,0.3144845596549873,0.7049223343031644,0
2.1840397685678563,1.80435235403434,0.3267198086466658,0.8614964860527249,0.8099509908125117,0
2.1588116280532725,1.5879917172782172,0.9113885509693734,0.37494377257263223,0.6012940598806085,0
-2.003831556852148,-2.0625186007557312,-0.19256662270662175,-1.6355649744506302,-0.2627416876696211,0
0.0346021967257895,-0.5295804722496809,0.4235359229667692,1.3000656972172266,0.23439395314128875,0
0.7107163625164754,0.6028603073674236,-1.3700768962232146,-1.4110021836136644,-1.3494381870196668,1
0.08001284965201783,-0.5525975612662674,-0.1284416638712277,-0.8956593687442171,-1.4250588197063965,0
0.22633606463658232,0.12870827362529605,-0.030996873484109753,1.8067714816698675,0.06354733855275081,1
-2.6395806978195164,-2.4860330386613163,0.9302488329797834,0.8202306740613167,0.14757026376022855,0
-0.21263358031708246,-0.257978821853698,0.31100290697132416,0.6839575274850381,-1.137980491914181,0
0.2111991803278491,0.869858539960063,-1.1538123291705136,-0.592403634109682,-0.750074653872992,0
-0.5355537789036778,-0.7321308555958256,1.0610134549186252,-0.16726980359354587,-0.8887124804653304,0
0.609803800458168,-0.13368654116402603,-0.76717654795711,-0.5712908930908221,-0.5470192512882541,0
0.4887087259881875,0.19775954067513415,-1.1563270334385687,-0.24692241743742674,1.1824526258989962,0
-1.236896085208948,-0.9070607321220403,0.695752659983687,0.11007483979057012,-0.10309812977541347,0
-1.317626134855611,-0.9899222525818303,0.5285248261580514,-0.3860745741526409,-1.4516660793554312,0
0.7157619906194151,0.2530005543149942,-0.08569169131429882,0.6388530353083827,-1.0875667367896944,0
-1.3125805067526999,-1.6251939094401946,0.29591468136299565,-0.5914439640633704,0.930383850276563,0
0.9882259081768425,0.33125865697144075,-0.1900519184385665,-0.5050736598953067,-1.0833655905293205,0
-0.26308986134625056,-0.2717890752636761,-0.45472454265131856,-1.157649291387344,-0.4349886843449504,0
0.7006251063106532,0.5936534717607629,0.12177141080021037,-0.1855035344734709,-0.07789125221316998,0
1.0639103297205945,0.5338090403175855,-0.06808876143791509,0.80103727313508,0.44585164824677476,0
-0.046127852920873694,0.8744619577633803,-1.2852056271763699,-1.8774018261212089,-0.8144922298653917,1
-0.05621910912669584,0.10569118460868333,1.72929611415415,0.5764744822981145,-1.1659881336500069,0
1.3262829910721998,1.8089557718376574,0.12491479113527869,1.0735835662876372,-0.9097182117671998,0
1.0285909330001597,1.1506670259626806,0.5084071920136138,-0.19030188470502973,-0.06668819551883966,0
0.34743113910656276,-0.11527286995073063,1.0962193146713899,-1.135576880322172,-0.17311723411497826,0
-0.6364663409619854,-0.3500471779201227,0.6423151942875255,0.5400070205382651,0.7049223343031644,0
-1.7010938706771968,-1.9796570802959412,0.9805429183408765,0.4325239753513415,-0.9909403728010949,0
-1.040116589195244,-0.874836807498793,1.4168441088483585,0.7204249892448875,-1.2738175543329366,0
-0.5153712664920336,-0.10606603434409602,0.45119766991537097,0.28473478821932136,1.063420148521736,0
2.067990322200787,1.7675250116077492,-1.732822986890099,-0.3140993206792544,1.4639294253440467,0
0.6955794782077422,0.7777901838936383,0.6995247163857683,0.12830857067049448,0.0075320550810989845,0
1.0891384702351499,0.3358620747747581,0.11737067833111586,0.3106458794697401,-0.7416723613522442,0
1.159777263675991,1.1506670259626806,0.04947366309363898,-0.034835337202515165,-0.6072356810202799,0
1.2051879166022192,0.3864996706113008,-0.22651513032535875,0.685876867577662,-0.9895399907143037,0
-0.5557362913153508,-0.32703008890353613,-0.968981565468497,1.1340427792052814,1.2034583572008657,0
-0.8483827212844511,-0.6446659173327183,0.637285785751415,-1.42443756426203,0.9317842323633542,0
-0.39427619202205316,-0.16130704798395604,0.9616826363304666,-1.0971900784696995,1.2552724944121434,0
1.0891384702351499,0.02743308195223676,-0.008364535071616986,0.43348364539765316,0.18117943384321974,0
1.366648015895517,1.4821131078018146,-1.040650637108054,-0.688370638740864,1.011606011310458,0
-0.6970138781969756,-0.2533754040503807,-0.479242909264852,1.4209841230525158,-1.2318060917291977,0
-0.47500624166868766,-0.013997678277671349,-1.4505474328009633,1.2856706465225494,0.22459127853374983,0
-0.9593865395486094,-1.3351785878309426,-1.7491685646324537,0.36150839192426665,0.7357307402125728,0
-0.5759188037269951,-0.9392846567452876,-0.25480555334097366,-0.613516375128542,1.14324192746884,1
-0.14704041497918116,0.31744840356148885,-0.15421738261878737,-2.164343169968443,-0.626841030235358,1
-0.6213294566532521,-0.9807154169751696,-1.4794665318835913,-0.06362543859186949,1.6137703086307151,1
1.0740015859264167,0.4371372664478435,-0.5854891645901619,-0.7680232525847449,-0.5092089349448893,0
-0.5860100599328459,-0.15210021237729526,2.5937257062979384,-0.7334751309175195,0.3800336901675836,0
0.13551475878409697,0.45094751985779546,-1.0299631439688213,-0.5847262737391876,0.3408229917374275,0
0.6905338501048311,0.980340567239783,-1.4222570097853484,-1.6931451772293395,1.1936556825933264,1
0.1506516430928589,0.22538004749506418,-2.3709291949089684,-2.612509081596063,-1.1575858411292592,1
-0.16217729928791438,0.05045017096884947,-0.7483162659467001,-0.7066043696207891,-0.6506475257108101,0
-1.3882649282964235,-1.7540896079331838,0.05638909983079014,0.3106458794697401,-1.3578404795404144,0
-0.06631036533251798,0.045846753165505995,-0.7879228581685606,-1.4695420564386854,0.2736046515714452,0
0.00937405621120546,0.34967232818473615,1.8902371873096488,-1.2267455347217953,-1.0133464861897556,0
0.8116289245748116,0.37268941720134885,-0.4320922042388272,-0.8534338867064972,-1.1211759068726854,0
0.4533893292677813,0.26681080772494614,-0.45032381018222406,-0.8899013484663463,-0.4966054961637675,0
0.17083415550450315,-0.6584761707426702,-0.6628163208328423,0.7751261818846612,0.7679395282087728,0
-0.16217729928791438,-0.1244797055573914,-0.3453349069909419,-1.195076423193505,-1.0203483966237121,0
-2.972592152611934,-2.4353954428247735,-0.22525777819133114,0.5745551422054905,-1.0119461041029643,0
-0.6768313657853313,-0.8702333896954495,-0.6835626310442929,2.18776049005566,0.3534264305185489,1
-1.8423714575588501,-1.8369511283929738,0.40781902129142755,0.11199417988319338,-0.7206666300503748,0
1.0336365611030995,1.707680580164572,0.8516643246030754,0.6503690758641243,-0.7864845881295658,0
-0.06126473722960691,0.29443131454487614,-0.6797905746422115,1.6004424217128264,0.3632291051260882,0
-0.6566488533736583,-0.847216300678863,-2.610454776441174,-1.083754697821334,0.536876483888209,1
0.11028661826951294,0.00901941073894136,0.6209402080090604,0.40565321405461047,1.2258644705895263,1
-0.17731418359667628,0.19775954067513415,-0.43020617603778655,-1.0069810941163881,-0.6184387377146103,0
0.019465312417027605,-0.3730642669367354,-0.40128707695515714,-0.06362543859186949,-0.2893489473186558,0
0.07496722154910676,0.3957065062179616,-0.7093383497918526,-0.7920150037425407,-0.664651346578723,0
-0.7121507625057375,-0.6814932597592829,-0.051743183695560385,-0.05882708836031066,-1.010545722016173,0
1.4322411812334184,2.006902737380485,1.0050612849544085,-0.6499838368883913,-0.5890307138919929,0
-0.4195043325366085,-0.52037363664302,-1.664297295585609,0.9804955717953907,1.5255462371628636,1
1.3161917348663776,0.8882722111733584,-0.4993605434092896,1.000648642767939,-1.109972850178355,0
0.08505847775495758,0.2530005543149942,1.4828550958847935,-0.08377850956441779,1.4177168164799336,1
-1.3832193001935122,-2.044104929542436,0.9038444381652092,0.4152499145177288,-0.3887760754808377,0
1.4675605779538246,1.0908225945195031,-0.1127247621958861,-0.487799599061694,1.0662209126953186,0
-1.236896085208948,-0.38227110254337,0.05513174769676253,-0.5895246239707465,1.3364946554460388,0
1.5482906276004877,1.4498891831785672,-1.4914113771568513,0.29241214858981573,1.1474430737292138,1
-0.051173481023784766,-0.078445527524166,-1.4574628695381129,0.12734890062418286,-0.2207302250658822,0
0.0346021967257895,-0.15670363018063874,-1.776201635514041,0.6772398371608553,-0.986739226540721,0
0.4685262135765432,-0.07384210972084869,0.5643593619778305,0.4104515642861693,-0.9951415190614687,0
0.8974046023243571,0.5844466361541282,0.8944142971600042,-0.30642196030876,0.6965200417824163,0
-0.1268579025675082,-0.3592540135267835,-0.948235255257045,0.31928290988654684,-0.7696800030880702,0
0.05983033724037354,-0.1244797055573914,1.5796712102048982,0.1542196619209139,-1.3732446824951186,0
0.6602600814873361,0.7501696770737083,-1.2103931752017432,0.29529115872875134,-1.5384897687364916,0
0.4533893292677813,0.6857218278272137,1.3093405013890227,0.0246642056688181,-1.4250588197063965,0
-1.0502078454010662,-0.46973604080650355,0.6882085471795226,-0.6259920857305958,0.633502847876808,0
0.2111991803278491,-0.05082502070423598,-0.09009242378339333,0.7060299385502103,-0.6282414123221494,0
-0.6061925723444902,-0.5295804722496809,0.8007415631749677,-0.9906667033290875,-0.750074653872992,0
0.17083415550450315,0.19775954067513415,-2.1364330219128704,-0.49931563961743564,1.0844258798236055,0
1.3969217845130122,1.1920977861925623,-0.5326803749610135,0.07648638816965629,0.19798401888471515,0
-0.17731418359667628,-0.2073412260171553,1.0698149198568172,0.02370453562250647,1.584362284808098,0
0.19101666791617614,1.1046328479294552,1.3219140227292958,-0.6557418571662624,-1.4236584376196053,0
-0.9997515643719267,-0.6492693351360356,0.38267197861088104,-0.7900956636499171,1.1880541542461616,0
1.2253704290138923,1.1460636081593631,0.9780282140728213,-1.3850910923632453,-0.08489316264712646,0
-2.1652916561454454,-1.8047272037697266,0.037528817820380214,-0.6547821871199502,-0.44759212312607216,0
-1.0047971924748378,-0.29020274647694533,-0.9746396500716191,-0.9004577189757763,-0.5316150483335499,0
-0.5002343821832717,-0.15210021237729526,-0.46101130332145523,1.0850996068433787,1.2146614138951959,1
0.31715737048906767,0.4601543554644562,0.24059118746579347,-0.2853092192899001,0.5998936777938173,0
0.054784709137462466,-0.060031856310870595,-1.7843744243852184,1.3058237174950977,0.44585164824677476,0
2.4918230828457184,1.1276499369460677,0.48954691000320394,-0.6250324156842842,0.4234455348581137,0
0.3121117423861566,-0.1244797055573914,-0.006478506870576279,-0.7824183032794224,1.2790789898875958,0
-0.45986935735995443,-0.46052920519984275,-0.4716987964606878,-0.8495952065212501,-0.6674521107523056,0
-0.020899712406289652,-0.2717890752636761,-0.8545625212720098,-0.36016348290222144,0.8029490803785552,0
1.1093209826468229,1.77673184721441,-0.6716177857710327,0.7684084915604784,1.2552724944121434,0
-0.10667539015586391,-0.5341838900529982,0.3587822880643621,-0.966674952171292,-0.11430118646974378,0
-0.787835184049461,-1.178662382517997,0.5825909679212273,1.3106220677266565,1.512942798381742,1
-0.33372865478706293,-0.2349617328370853,-0.16176149542295162,-0.007004905859471792,0.4136428602505748,0
1.1749141479847243,1.63862931311476,-0.5345664031620542,-0.8822239880958519,0.24979815609599332,0
-0.8685652336961242,-1.1326282044847977,-0.4867870220690163,-1.0789563475897748,0.8477613071558765,0
0.21624480843076016,0.7593765126803429,0.5379549671632563,-1.8188619532961878,1.5059408879477856,0
0.30202048618030575,0.773186766090321,0.5429843756993654,0.9478667902207886,0.24419662774882805,0
-0.3236373985812121,0.045846753165505995,0.3927307956831005,0.0045111346962698005,1.0130063933972495,0
-0.6717857376823916,0.27141422552826344,0.4675432476577257,0.3029685190992457,0.5704856539711998,0
-0.1722685554937652,0.4187235952345481,0.44805428958030263,-0.05786741831399835,1.6375768041061673,0
-0.7777439278436388,-0.5433907256596328,-1.1468968924333638,1.985270110283866,1.195056064680118,1
-0.2681354894491616,0.22998346529838148,2.5421742688028175,0.7108282887817692,1.5829619027213067,1
-0.4043674482278753,-1.0773871908449377,-0.9256029168445536,-0.8966190387905291,1.4443240761289684,1
-0.5002343821832717,-0.48354629421645545,-1.0752278207938055,0.4402013357218359,0.20778669349225445,0
-0.5557362913153508,-0.5295804722496809,0.2292750182595478,-0.13080234183369716,-0.2459371026281255,0
0.23642732084240445,0.11489802021534412,-1.497698137826988,0.5582407514181894,-1.3550397153668319,0
-0.6869226219911534,-0.8149923760556157,0.34306538638902045,1.3019850373098498,0.7007211880427904,0
0.30202048618030575,0.018226246345575976,0.1852676935685913,0.9094799883683159,-1.658922628200543,0
-0.2883180018608059,0.3818962528079835,-1.5505069274561365,1.2674369156426244,-0.911118593853991,0
0.054784709137462466,-0.5019599654297509,1.360263262817129,0.10815549969794618,1.0760235873028579,1
-0.2782267456549838,-0.3592540135267835,1.292994923646668,1.2415258243922056,-1.4166565271856488,1
-1.2066223165914527,-1.5561426423903564,-1.8711317216331051,-0.812168074715089,-0.009272529960396604,0
-0.5355537789036778,-0.21654806162381607,0.7510761538808891,-0.47340454836701684,-1.5510932075176131,0
1.4372868093363294,1.3854413339320726,-1.0683123840566557,1.0649465358708305,-0.6072356810202799,0
1.0941840983380897,0.6120671429740583,-0.5773163757189831,0.9459474501281653,0.5718860360579914,0
1.2152791728080414,1.2749593066523524,-0.7923235906376566,0.6810785173461025,0.9737956949670931,0
-0.833245836975718,-0.2441685684437461,0.9214473680415916,0.3269602702570412,-0.6366437048428971,0
-0.6011469442415792,-0.3960813559533481,0.8428628596648835,-0.013722596183654559,0.6321024657900168,0
0.5643931475319396,0.7639799304836602,0.09851039632070593,0.3845404730357505,-0.17171685202818684,0
0.47357184167945426,1.1368567725527023,-0.7709486043591928,1.2827916363836138,-0.3047531502733599,0
-1.5547706556926322,-1.3443854234375772,1.8594320600259788,0.17533240293977384,1.220262942242361,1
0.5946669161494347,0.48317144448106897,0.5599586295087347,0.438281995629212,-0.8523025462087567,0
0.9226327428389413,0.925099553599923,0.5398409953642971,-0.9196511199020126,0.4066409498166183,0
-0.8080176964611339,-1.012939341598417,-0.317044483975327,-0.7862569834646699,1.280479371974387,1
1.0336365611030995,1.4452857653752498,-1.423514361919376,-0.14999574275993313,-0.11150042229616115,0
0.5391650070173556,0.3818962528079835,1.2898515433115996,1.8950611259305552,-1.22340379920845,1
0.8873133461185351,0.12870827362529605,0.4147344580285787,-0.10681059067590165,-0.09889698351503942,0
0.47861746978236536,0.47856802667772547,-0.38997090774891147,1.6148374724075036,-0.2459371026281255,0
-0.9896603081661045,-1.0589735196316423,2.127248064573799,-1.0626419568024739,-1.2920225214612235,0
0.27174671756281066,-0.33163350670685343,1.0258075951658607,0.6868365376239737,-0.06808857760563107,0
0.09010410585786865,-0.7137171843825302,2.135420853444978,0.09951846928114015,-1.086166354702903,0
-1.5043143746634928,-1.2937478276010344,-0.6609302926318016,-0.9033367291147119,1.6235729832382544,0
0.30202048618030575,0.842238033140133,0.0783927621762684,1.4708869654607306,0.9807976054010495,0
0.9024502304272682,0.31284498575817155,-0.17182031249516969,0.6916348878555325,-0.9335247072426518,0
-0.9442496552398475,-0.49735654762640735,-0.10832402972679017,0.1331069209020533,0.6040948240541909,0
0.5240281227085937,0.635084231990671,1.371579432023376,-0.04827071785088002,-1.3676431541479535,0
1.2657354538372096,1.431475511965298,-0.6037207705335573,-0.7872166535109816,-0.3761726366997161,0
-1.6153181929276224,-1.6297973272435118,0.007981042670737713,-0.09817356025909495,0.5606829793636608,0
-0.0764016215383688,0.06426042437880139,-0.11838284679900822,-0.6538225170736386,0.4472520303335659,0
-0.5103256383890938,-0.6722864241526483,0.2273889900585071,-1.1394155605074197,1.195056064680118,1
-1.6556832177509684,-1.5929699848169472,1.2156677674039862,1.7952554411141253,1.248270583978187,1
0.5088912383998605,0.05045017096884947,-1.1751873154489787,-0.12216531141689044,-1.4502656972686399,0
-1.2873523662381159,-0.6216488283161056,0.5266387979570107,0.1254295605315589,-1.2037984499933718,0
1.8712108261870832,1.74911134039448,-0.8627353101431873,0.3413553209517184,0.6895181313484599,0
0.7964920402660497,1.0263747452729823,-0.9601801005303052,-0.3419297520222971,-0.16471494159423036,0
1.2657354538372096,1.3071832312755998,-0.3453349069909419,-0.45613048753340346,0.7147250089107033,0
1.4524236936450914,1.3532174093088252,2.212748009687658,0.23003359557954758,0.16997637714888922,0
-0.4850974978745385,-0.9392846567452876,-0.16867693216010135,1.2856706465225494,-0.7990880269106874,0
-0.10667539015586391,0.49237828008770357,-0.3176731600423401,-1.6557180454231786,0.02153587594901194,0
-0.25299860514039973,-0.6768898419559656,0.7875393657676814,0.15997768219878436,0.4318478273788618,0
0.15569727119576995,0.20696637628176878,-0.8256434221893805,0.07840572826227954,1.3406958017064123,1
-1.0956184983273232,-0.6907000953659175,1.1069068078106226,1.7846990706046952,1.6305748936722109,1
0.7208076187223262,1.1690806971759498,0.8774400433506351,-0.24788208748373905,0.22739204270733226,0
-0.9392040271369365,0.14712194483859145,-0.6911067438484572,-0.26803515845628734,-1.2584133513782325,0
-0.9341583990340254,-0.3638574313301008,1.1182229770168681,-2.696000375625191,1.1250369603405532,1
-0.6768313657853313,-0.18892755480388607,1.0899325540012532,-0.48588025896907006,0.43044744529207013,0
0.06992159344619568,0.26681080772494614,0.009867070871778419,1.174348921150378,0.0033309088207251368,0
0.9327239990447633,0.4049133418245962,-0.30132758229998535,-0.4417354368387263,-1.1603866053028418,0
-0.21767920841999353,-0.32703008890353613,1.113193568480759,1.1254057487884754,0.8617651280237895,1
-0.6213294566532521,-0.6538727529393529,0.7661643794892162,0.8135129837371339,0.594292149446652,0
1.144640379367229,0.538412458120929,-0.5691435868478057,-0.5050736598953067,-0.2739447443639514,0
-0.4043674482278753,-1.5653494779970172,0.48326014933306727,0.275138087756203,-0.7892853523031484,0
-1.822188945147177,-1.2477136495678351,0.720271026597219,-0.7641845723994977,-0.18151952663572596,0
0.5896212880465237,0.4003099240212789,0.2261316379244795,0.8106339735981983,1.319690070404543,0
1.6189294210413,0.662704738810601,0.32231907617756983,0.06113166742866682,-0.8046895552578526,0
-0.4346412168453704,-0.2717890752636761,0.7410173368086697,-0.4100663253104364,-0.678655167446636,0
2.587690016801115,2.1634189426934043,0.9742561576707399,-1.025214824996313,0.472458907895809,0
0.3726592796211468,0.49237828008770357,-0.5106767126155353,0.648449735771501,0.7665391461219812,0
-0.20254232411126033,-0.0830489453274833,0.8931569450259766,-0.44749345711659744,-0.9601319668916863,0
0.5744844037377618,0.6765149922205529,-0.16176149542295162,0.4910638481763625,0.008932437167890201,0
-0.2378617208316665,0.5844466361541282,0.5417270235653392,-0.24020472711324398,-1.2051988320801632,0
0.407978676341553,0.018226246345575976,-0.3660812172023925,0.5486440509550718,-0.13810768194519585,0
-0.06631036533251798,-0.8978538965153795,-0.26612172254721933,-0.06458510863818112,-0.7262681583975401,0
2.2244047933911735,2.131195018070157,-0.05740126829868394,0.5332893302140823,-0.5974330064127409,0
0.5845756599435838,1.0171679096663477,-0.09952256478859829,-1.1250205098127422,1.206259121374448,1
0.9377696271477031,0.9665303138298049,1.6299652955659913,0.21947722507011763,-0.6058352989334885,0
0.23642732084240445,0.06426042437880139,-0.17182031249516969,0.5035395587784164,1.6473794787137064,1
-2.346934267850416,-1.054370101828325,1.321285346662283,-0.31122031054031885,0.8505620713294589,0
0.5744844037377618,0.3588791637913708,1.6387667605041834,-0.18166485428822302,-0.3537665233110553,0
-1.1258922669448181,-1.5699528958003346,-0.07940493064416218,-0.06554477868449343,1.2832801361479693,0
-1.4488124655314136,-1.7817101147531138,0.8573224092061975,0.8893269173957675,0.6923188955220427,0
-1.791915176529682,-1.7310725189165712,-1.7743156073130004,-0.6259920857305958,0.926182704016189,0
-0.39427619202205316,-0.6308556639227402,0.7573629145510258,1.6656999848620302,1.063420148521736,1
-1.317626134855611,-0.7413376912024602,0.6209402080090604,-0.42062269581986633,1.6893909413174453,1
1.0386821892060105,0.34967232818473615,-0.9457205509889912,1.782779730512072,0.6895181313484599,0
0.12542350257827484,0.5246022047109509,1.2213258520071097,-0.08665751970335335,-1.2682160259857713,0
-0.06631036533251798,0.11029460241202681,0.1117125937279923,-1.8927565468621979,-0.7668792389144875,1
0.6753969657960692,0.7685833482870037,-1.0274484397007675,0.18780811354182705,-0.5204119916392196,0
0.39788742013570216,0.34967232818473615,0.8786973954846626,-0.18646320451978254,-1.4208576734460228,0
1.2505985695284476,1.6432327309180772,2.9747034029082196,-0.8649499272622392,-0.7836838239559831,0
-0.13694915877335903,-0.8241992116622503,0.30848820270326893,-0.5012349797100596,0.8071502266389288,0
-0.2731811175520727,-0.14749679457397796,0.1381169885425665,1.3998713820336557,0.6783150746541298,0
0.5240281227085937,0.9066858823866276,0.6668335609010575,-0.812168074715089,-0.38597531130725504,0
0.21624480843076016,-0.15670363018063874,-0.9608087765973182,0.18300976331026825,-0.7668792389144875,0
0.41302430444446403,1.4406823475719326,-0.7281986318022625,-0.7334751309175195,-0.6758544032730534,0
0.6299863128698409,-0.018601096080988658,1.6764873245250032,1.6513049341673522,0.9667937845331366,1
-1.4589037217372358,-1.0175427594017603,-1.5102716591672614,-0.3697601833653398,0.01873511177542931,0
0.6451231971785741,0.6534979032039664,-0.5754303475179424,1.6848933857882662,-1.3550397153668319,0
-0.6566488533736583,-0.9576983279585569,0.7315871958034647,-0.28722855938252334,-1.0315514533180425,0
0.6905338501048311,0.5246022047109509,1.2672192048991069,-0.450372467255533,-0.7892853523031484,0
-0.33877428288997397,-0.05082502070423598,0.10919788945993708,0.7300216897080058,0.09015459820178552,0
-1.0754359859156501,-0.8149923760556157,0.23304707466162922,-0.38127622392108207,0.9247823219293977,0
-0.5204168945949447,-0.7551479446124122,-0.8275294503904226,-0.7085237097134123,1.3827072643101512,0
-2.992774665023607,-3.2363901406027176,0.03061338108322905,0.6100629339190283,0.751134943167277,0
-1.0098428205777488,-0.902457314318723,1.9399025966037275,-0.8515145466138736,1.6109695444571326,1
0.8267658088835448,-0.2257548972304507,0.43045135970392034,0.3106458794697401,0.8701674205445371,0
-0.5759188037269951,-1.9152092310494466,-0.6527575037606228,-0.3140993206792544,1.4121152881327688,1
0.4180699325473751,0.7869970195002729,-0.4327208803058403,0.8346257247559938,-0.6982605166617142,0
2.643191925933194,2.4396240108927043,1.7135792124788085,-0.19126155475134135,-0.34116308452993377,0
-0.33877428288997397,-0.8103889582522722,0.3927307956831005,2.7405304367312686,1.3112877778837952,1
-0.7525157873290548,0.08267409559209679,-0.14604459374761003,-1.247858275740655,-0.7892853523031484,0
0.4231155606502862,-0.8149923760556157,-0.06243067683479297,-0.9714733024028511,-0.005071383700022757,0
-0.7272876468144707,-1.2016794715346097,-1.055110186649368,-0.37167952345796373,-1.7135375295854036,0
1.3061004786605268,0.22998346529838148,-0.014651295741753627,-2.0587794648741427,-0.09329545516787435,1
0.9882259081768425,0.8376346153368157,0.32923451291471956,1.0438337948519705,-1.1547850769556764,0
-0.5809644318299348,-0.6814932597592829,-0.3836841470787748,-0.26227713817841625,1.4583278969968814,1
-0.6314207128590743,0.47396460887440817,0.5895064046583771,-0.08761718974966498,1.3126881599705864,0
0.3222029985919787,0.6166705607773756,0.3210617240435422,-2.0059976123269925,-0.41258257095628975,1
-0.046127852920873694,0.12410485582197874,0.4794880929309859,0.06784935775284959,1.6865901771438627,1
0.23138169273949338,0.3911030884146181,-0.9419484945869083,-0.725797770547025,-1.066561005487825,0
0.004328428108294389,-0.16130704798395604,-2.0327014708556157,-0.27955119901202896,-1.6407176610722563,0
-0.5103256383890938,-0.847216300678863,0.686322518978482,0.6580464362346193,1.4583278969968814,1
-1.8171433170442661,-1.4180401082907064,0.167664763692209,-1.3678170315296325,-0.7920861164767309,0
0.20110792412199827,0.2622073899216288,0.6523740113597435,-0.47340454836701684,-0.32435849948843815,0
0.3272486266948898,0.7916004373035903,0.004208986268656299,0.8471014353580477,-1.6869302699363689,0
-0.24795297703748864,-0.023204513884305965,-0.7458015616786462,0.18492910340289218,-1.3844477391894492,0
0.21624480843076016,0.11489802021534412,0.39901755635323716,-0.7862569834646699,-1.3480378049328754,0
1.5028799746742307,1.0033576562563957,0.5373262910962433,1.7021674466218788,1.531147765510029,1
-1.4437668374285026,-0.8978538965153795,-1.0016727209532064,-1.2277052047681067,-1.1211759068726854,0
-0.32868302668415184,-0.3684608491334181,-0.7759780128953019,-1.6768307864420384,0.7623379998616076,1
0.14560601498991912,1.0355815808796431,-0.051114507628547294,-0.487799599061694,-1.4348614943139357,0
0.4937543540910986,-0.078445527524166,0.9113885509693734,0.1657357024766555,-1.1827927186915024,0
0.14560601498991912,0.13331169142861335,1.0459252293102967,1.4497742244418708,-0.9573312027181039,1
-0.26308986134625056,-1.1096111154681851,-1.344929853542668,-0.21429363586282524,0.415043242337366,1
-0.8635196055932131,-1.1188179510748197,0.9057304663662499,0.13598593104098888,1.4499256044761337,0
-1.060299101606917,-0.6262522461194229,0.3367786257188838,-0.6144760451748542,-1.4236584376196053,0
1.0639103297205945,0.8100141085168857,-0.2774378917534664,-0.41294533544937195,-0.9923407548878863,0
-0.5254625226978558,-0.027807931687623272,-0.40254442908918475,1.3989117119873442,-1.4446641689214748,0
0.16074289929868102,-0.46513262300316005,2.083869415949857,0.05345430705817242,0.13776758915268966,0
-1.872645226176345,-1.9152092310494466,-1.3342423604034355,-0.7046850295281651,-0.016274440394353083,0
0.5896212880465237,0.05965700657548408,-0.9545220159271817,-0.2641964782710395,-1.6421180431590474,0
-1.1107553826360563,-1.1694555469113623,0.6781497301073032,-1.2152294941660533,0.2568000665299498,0
0.37770490772405785,0.5522227115308809,0.7655357034222031,0.47187044725012584,1.508741652121368,1
0.665305709590247,0.5798432183508109,-0.8193566615192438,1.4315404935619456,-0.24033557428096042,0
-0.6415119690649251,-1.4272469438973672,0.4845175014670949,0.9891326022121968,1.2692763152800564,0
0.2767923456657504,-0.00939426047435404,0.05324571949572182,0.29241214858981573,0.8659662742841635,0
-0.6566488533736583,0.8514448687467676,2.0329466545217496,-0.07898015933285828,0.31281535000160166,0
-0.6465575971678361,-0.4006847737566654,-0.04608509909243684,-0.020440286507837323,-1.549692825430822,0
0.2767923456657504,0.018226246345575976,-0.3447062309239273,-0.9983440636995818,-1.6883306520231602,0
0.5543018913260888,-0.1244797055573914,-0.07123214177298341,-1.5242432490784592,-0.16471494159423036,0
-1.9130102509996625,-1.3489888412408944,1.4903992086889577,0.20028382414388096,0.5424780122353738,0
1.3010548505576158,1.1782875327826106,0.8881275364898676,-1.254575966064838,-1.3116278706763016,0
-1.1410291512535515,-0.8610265540888149,-0.9262315929115668,-0.35920381285590985,-0.6814559316202186,0
-1.065344729709828,-0.5894249036928582,-0.5182208254196995,1.3969923718947201,0.29321000078652343,0
1.0740015859264167,0.8836687933700411,1.3282007833994325,-1.6576373855158022,-1.318629781110258,0
0.18597103981326507,0.34967232818473615,0.5498998124365165,0.8192710040150051,0.886972005586033,0
1.563427511909221,1.6294224775080992,2.4384427177455628,1.165711890733572,0.17417752340926326,1
-0.14704041497918116,-0.7413376912024602,-1.012360214092439,-1.2881644176857514,1.3224908345781259,0
-0.565827547521173,-0.8886470609087449,-0.3258459489135174,-2.0434247441331537,0.3870356006015401,1
2.284952330626164,2.296918058989737,-2.056591161402136,-0.06362543859186949,-1.0511568025331206,0
-1.5951356805159782,-1.1004042798615243,0.07147732543911722,0.7597714611436718,-0.2459371026281255,0
0.019465312417027605,0.47856802667772547,1.9292151034644949,0.8461417653117355,1.4499256044761337,1
-0.7323332749173818,-0.6953035131692348,1.4526786446681377,-0.6970076691576708,1.0606193843481533,0
-0.6869226219911534,-1.2385068139611743,2.2391524045022324,0.6071839237800928,1.617971454891089,1
-1.2873523662381159,-1.7771066969497966,1.3099691774560358,1.0726238962413255,1.323891216664917,1
-0.9190215147252635,-0.30861641769024073,-0.4553532187183331,1.8326825729202862,1.4205175806535166,1
0.9175871147360302,0.8836687933700411,0.896300325361045,-0.6355887861937142,-1.0371529816652076,0
0.20110792412199827,-0.0646352741141879,-0.4987318673422751,-0.2450030773448035,-0.17451761620176948,0
0.362568023415296,1.1368567725527023,-1.3348710364704486,-1.8322973339445534,-0.32295811740164676,1
-0.24795297703748864,0.18394928726515608,-1.133066018959063,0.7674488215141668,-1.0161472503633382,0
-0.005762828097527755,0.15172536264190875,0.1437750731456886,0.9449877800818529,0.7203265372578687,0
-0.6415119690649251,-0.6216488283161056,0.4141057819615642,-0.3025832801235128,-0.9083178296804085,0
-0.041082224817933936,-0.5664078146762455,-0.016537323942795765,-0.738273481149079,-0.6716532570126795,0
0.8318114369864559,0.3864996706113008,-0.17999310136634847,0.40949189423985766,-0.11010004020936995,0
0.6753969657960692,0.3634825815946881,-0.04042701448931472,-1.4369132748640836,0.41084209607699235,0
-3.2955123511985582,-2.4399988606280907,0.793826126437818,-0.1605521132693631,-1.1841931007782938,0
-0.3993218201249642,-0.5479941434629501,-0.3962576684190481,0.6503690758641243,1.5003393596006203,1
0.4937543540910986,-0.5111668010363855,-0.5427391920332315,-0.8160067549003363,1.438722547781803,0
1.4625149498509136,1.5327507036383572,1.1584582453057433,-1.2296245448607304,-0.7570765643069485,0
0.39284179203279107,0.6765149922205529,-0.9042279305660885,2.983326958448159,-0.4531936514732374,1
-0.1722685554937652,0.09648434900204872,-0.7772353650293294,0.27801709789513857,-1.3956507958837794,0
-0.7424245311232326,-1.233903396157857,-0.38305547101176174,-0.7728216028163044,-0.9069174475936171,0
0.5946669161494347,-0.28099591087031073,-0.5773163757189831,0.0035514646499581718,1.4905366849930812,0
1.835891429466677,1.4452857653752498,-0.4471804298471557,-0.7910553336962287,0.21478860392621094,0
-0.39427619202205316,-0.7827684514323422,-2.7236164685036335,0.7760858519309729,0.8281559579407982,0
-1.3327630191643443,-0.48814971201977275,-0.5144487690176167,0.7472957505416186,0.7245276835182423,0
-0.6061925723444902,-0.6492693351360356,0.4197638665646878,-0.6451854866568325,1.25107134815177,0
-0.09658413395001308,-0.9254744033353095,-1.8013486781945875,-0.4666868580428341,1.001803336702919,1
0.10524099016660186,0.05965700657548408,0.9648260166655349,0.46515275692594305,-1.2009976858197893,0
-0.7121507625057375,-0.49275312982309005,-0.7193971668640721,-1.36109934120545,0.9415869069708931,0
2.138629115641628,2.2831078055797587,-1.1758159915159918,-1.6777904564883506,0.29461038287331465,1
-2.4730749704233075,-2.6425492439742353,0.14628977741374383,0.9526651404523481,0.08595345194141148,0
1.4423324374392692,1.3992515873420244,0.3386646539199245,-1.1701250019893978,-0.9615323489784777,0
0.27174671756281066,0.5568261293341982,0.6291129968802377,-1.1058271088865057,0.9233819398426065,0
-1.9231015072054847,-2.0809322719690266,-1.1733012872479378,-0.4388564266997907,-1.7163382937589862,0
0.2818379737686615,-0.6216488283161056,-0.24537541233576868,0.013148165113075825,0.5844894748391127,0
0.5088912383998605,0.3634825815946881,-1.8019773542616022,-1.6893064970440923,-0.8803101879445825,1
1.058864701617655,0.9297029714032403,-1.1676432026448145,-0.018520946415214064,-0.8579040745559218,0
-2.5487593919670313,-2.6057219015476707,0.3047161463011875,0.25210600664471916,-0.24453672054133427,0
-2.044196581675465,-1.5929699848169472,-1.0984888352733113,-0.07034312891605225,1.2776786078008042,0
-0.5759188037269951,-0.29480616428026263,0.441767528910166,1.3672426004590543,0.41784400651094883,1
-1.3327630191643443,-1.0313530128117123,-2.7236164685036335,-0.04827071785088002,-1.034352217491625,0
-0.5456450351095,-0.8564231362854976,0.5134366005497243,-2.171060860292626,1.0256098321783709,1
-0.38923056391914207,-0.8241992116622503,-0.053000535829588004,0.44499968595339473,-0.9433273818501909,0
0.5240281227085937,0.800807272910251,-0.1988533833767584,0.15134065178197834,-0.005071383700022757,0
0.48366309788527645,1.3532174093088252,-0.5634855022446836,1.27031592578156,-0.8565036924691306,0
0.407978676341553,0.5153953691043163,2.368030998240034,-2.0290296934384764,-0.2753451264507428,0
-0.07135599343542905,-0.6492693351360356,-1.1556983573715542,1.1484378298999591,-1.2430091484235282,0
-0.8282002088727781,-0.06923869191753138,0.3204330479765291,-0.9724329724491627,0.6727135463069644,0
-1.2671698538264429,-1.8323477105896566,0.03438543748531189,0.9085203183220042,-0.2515386309752907,0
1.5129712308800816,0.800807272910251,0.891899592891949,-0.993545713468023,-0.4798009111222719,0
0.3575223953123849,-0.2257548972304507,-1.6705840562557457,0.046736616733989655,-0.6142375914542364,0
0.2616554613569885,1.1092362657327723,2.147365698718237,1.562055619860353,-0.8298964328200958,1
-0.7626070435348768,-0.9669051635652176,0.2644808780123124,-0.4455741170239735,-0.859304456642713,0
-0.16722292739082545,0.22538004749506418,-0.3572797522642006,0.28473478821932136,1.2398682914574393,0
0.18597103981326507,0.8652551221567457,-2.081738204082683,0.5553617412792545,0.9317842323633542,0
-1.322671762958522,-0.45132236959320815,-1.534790025780795,1.1234864086958514,-1.577700467166648,0
3.8642339268387635,3.52142719467324,-1.1028895677424073,-0.642306476517897,-0.055485138824509325,0
-0.6566488533736583,-0.3914779381500308,-1.0500807781132588,-2.2804632455721734,-0.48960358572981105,1
-1.5951356805159782,-1.3397820056342598,0.6108813909368422,-0.24788208748373905,-1.2864209931140584,0
-0.45482372925704334,-0.2717890752636761,0.872410634814526,-0.7401928212417022,-1.034352217491625,0
-1.257078597620621,0.12410485582197874,0.9924877636141353,0.05729298724341962,-1.5062809807402917,0
1.079047214029328,0.7639799304836602,0.4581131066525207,0.41333057442510485,0.3212176425223493,0
1.7602070079229535,2.2785043877764415,1.709807156076727,-0.047311047804568386,-0.9167201222011563,0
2.052853437892054,2.356762490432914,1.408042643910168,-1.100069088608635,-1.3242313094574232,0
-0.9190215147252635,-0.6400624995293748,1.1339398786922097,-1.3822120822243098,-0.8705075133370436,0
0.7157619906194151,1.0954260123228203,0.06141850836689917,0.3394359808590951,-1.219202652948076,0
-1.2217592009002145,-0.8518197184821803,-1.761742085972727,-0.6125567050822304,0.433248209465653,0
1.119412238852645,1.3025798134722826,-0.5113053886825484,0.11199417988319338,0.6363036120503909,0
-0.4497781011541036,-0.8241992116622503,-0.7533456744828091,0.21275953474593487,-0.9951415190614687,0
1.6643400739675571,0.8514448687467676,-0.2711511310833298,-1.27664837713001,-0.7430727434390355,0
-0.15713167118500332,-0.6492693351360356,-0.3082430190371351,-0.11064927086114885,0.06914886689991608,0
-0.9392040271369365,-1.3766093480608244,-0.5245075860898362,-0.7785796230941752,-1.388648885449823,0
0.024510940519967356,0.21617321188840338,1.7443843397624785,1.1340427792052814,0.4248459169449053,1
-0.046127852920873694,0.28522447893824154,1.0654141873877212,0.4229272748882232,-0.6562490540579753,0
0.7712638997514657,1.8135591896409746,-0.581088432121066,-0.11832663123164325,0.6096963524013562,0
1.4322411812334184,2.1081779290535443,0.6932379557156317,-0.812168074715089,-0.962932731065269,0
-0.25299860514039973,0.17934586946183875,0.24499191993488942,2.027495592321586,-1.3354343661517538,1
0.836857065089367,0.5706363827441763,-1.104775595943448,0.028502885854065296,-1.4964783061327527,0
-2.1198810032191884,-1.6620212518667592,-1.6108598298894476,-0.6480644967957674,0.8701674205445371,0
1.7248876112025473,0.9204961357966057,0.5385836432302709,0.31256521956236405,-0.7752815314352355,0
0.6249406847669299,-0.13368654116402603,-0.8759375075504736,-0.5377024414699083,-1.5692981746459,0
-0.5557362913153508,-0.6584761707426702,1.5098881667663822,0.6772398371608553,1.546551968464733,1
2.4010017769932332,2.0989710934469095,1.7129505364117954,1.6733773452325245,-1.6435184252458388,1
0.9377696271477031,1.3302003202922126,-1.0796285532629013,0.6071839237800928,-0.399979132175168,0
-1.6102725648247114,-1.6021768204235818,0.8170871409173238,0.77992453211622,-1.4656699002233442,0
0.4029330482386419,0.538412458120929,-0.9840697910768241,-0.35632480271697425,0.1433691174998545,0
-0.6919682500940645,-0.819595793858933,1.4916565608229853,-0.7344348009638317,1.063420148521736,0
-0.08144724964127988,-0.8149923760556157,0.5329255586271473,0.49778153850054524,1.0970293186047273,1
0.7258532468252373,0.48777486228438627,-0.9501212834580871,0.9113993284609399,1.1978568288537004,0
0.39284179203279107,-0.11066945214741332,0.8284033101235695,-0.5962423142949292,0.7553360894276511,0
0.17083415550450315,0.3588791637913708,-0.10140859298964043,-0.06938345886974062,1.673986738362741,0
0.024510940519967356,0.29903473234819344,0.7982268589069139,-0.04827071785088002,-0.887312098378539,0
0.6804425938989803,0.8744619577633803,0.7674217316232438,0.669562476790361,-1.658922628200543,0
0.019465312417027605,0.3634825815946881,0.9635686645315074,0.26746072738570864,0.7175257730842858,0
-0.005762828097527755,-0.19353097260720337,-1.3851651218315415,-0.2526804377152979,0.5998936777938173,0
-0.6566488533736583,0.05965700657548408,0.6391718139524571,-0.31122031054031885,1.144642309555631,0
-1.564861911898483,-1.3075580810110126,-0.474213500728743,-1.2776080471763214,-1.4166565271856488,0
0.4887087259881875,-0.46052920519984275,-0.33339006171768165,1.6445872438431695,-0.7948868806503134,0
-1.3983561845022743,-1.4686777041272492,-0.469184092192634,-1.125980179859054,-1.5903039059477695,0
0.47357184167945426,-0.1244797055573914,-1.3826504175634877,-0.9196511199020126,1.3645022971818648,1
0.22633606463658232,-0.0830489453274833,1.2301273169453015,0.09088143886433345,-0.37477225461292474,0
-0.21263358031708246,-0.5710112324795628,-0.1592467911548964,-0.13272168192632042,-0.6226398839749842,0
0.61989505666399,-0.004790842671010566,3.161420194811277,-0.5146703603584251,1.3589007688346995,1
0.2616554613569885,-0.4144950271666435,0.8554363810051567,-0.26803515845628734,0.4066409498166183,0
-1.2318504571060367,-0.8518197184821803,1.7110645082107547,0.7329006998469407,1.0452151813934492,1
1.7198419830996077,0.7087389168438002,2.3202516171469942,1.0822205967044431,-0.6002337705863234,1
-1.060299101606917,-1.4594708685206144,-0.2636070182791655,0.2866541283119446,-1.058158712967077,0
-1.564861911898483,-1.8553647996062692,-0.6854486592453336,0.23195293567217085,-0.5526207796354193,0
-0.33877428288997397,0.09648434900204872,0.4813741211320266,0.9756972215638312,0.8883723876728241,0
2.315226099243659,2.6513812298454837,-1.4492900806669355,-1.0213761448110656,1.4471248403025512,1
-0.2832723737578948,0.13331169142861335,-0.6156656158068174,-1.2123504840271178,-0.7290689225711225,0
-0.42959558874245934,0.31284498575817155,2.140450261981087,1.706006126807126,-0.2473374847149169,1
-1.292397994341027,-0.5756146502828802,-0.5062759801464394,0.019865855437258592,-1.3256316915442146,0
-0.3589567953016469,-0.847216300678863,0.2525360327390537,-0.8447968562896909,-0.10309812977541347,0
1.0336365611030995,1.4406823475719326,-0.7087096737248395,1.2837513064299255,1.2300656168499005,1
0.6602600814873361,-0.6584761707426702,0.6662048848340444,0.16381636238403158,-0.14931073863952618,0
-0.4951887540803606,-0.041618185097601366,0.13371625607347054,-0.1768665040566642,-1.2178022708612848,0
1.840937057569588,1.2335285464224706,-1.3945952628367466,-0.41678401563461914,-1.2486106767706935,0
-0.22272483652290462,-0.060031856310870595,0.8862415082888269,0.9795359017490785,0.8743685668049112,0
-0.37913930771329124,-0.45592578739652545,0.04444425455752995,1.22809044374384,-1.3298328378045885,0
-0.5607819194182619,-0.7597513624157556,0.5121792484156967,-0.9628362719860447,0.5984932957070257,0
1.7602070079229535,1.818162607444292,-0.22400042605730494,0.2617027071078375,-0.30615353236015136,0
-0.6818769938882424,-1.3213683344209644,-2.0873962886858046,-0.04251269757300956,1.5059408879477856,1
1.2455529414255366,0.7547730948770256,0.05576042376377562,0.9296330593408642,-0.8901128625521216,0
1.5180168589829925,0.7869970195002729,-0.5439965441672592,-0.0281176468783324,-1.308827106502719,0
-1.257078597620621,-0.9945256703851477,-1.0129888901594535,0.006430474788893059,0.6643112537862168,0
-0.2883180018608059,0.5199987869076336,1.7619872696388608,1.3710812806443013,-1.6785279774156212,1
-0.010808456200467508,-0.49735654762640735,-0.4729561485947154,1.213695393049163,1.598366105676011,1
-0.4144587044336974,0.045846753165505995,-0.27492318748541117,0.6590061062809309,0.3786333080807924,0
-0.8029720683582228,-1.068180355238277,-1.5379334061158632,0.00547080474258143,1.0760235873028579,1
1.8560739418783498,1.5235438680317226,0.5593299534417215,-0.16151178331567542,1.2706766973668477,0
0.3272486266948898,0.9158927179932884,-0.46163997938846973,-0.22293066627963126,0.8561635996766241,0
0.5189824946056826,0.8468414509434503,1.7173512688808912,0.35671004169270787,1.5633565535062286,1
-0.2075879522141714,0.12870827362529605,-0.4842723178009611,1.4353791737471928,-0.35936805165822056,0
-0.8736108617990351,-0.6032351571028102,-0.06180200076777844,0.9785762317027668,-0.2473374847149169,0
-0.2378617208316665,-0.6860966775626002,0.7737084922933805,1.8835450853748128,0.4248459169449053,1
-0.9392040271369365,-1.0313530128117123,-0.5213642057547678,0.06593001766022633,0.2652023590506975,0
0.9377696271477031,1.2611490532424006,0.8328040425926655,-0.4666868580428341,-1.3620416258007884,0
0.15569727119576995,0.04124333536218868,0.6460872506896069,0.8077549634592628,-1.1365801098273898,0
0.8217201807806337,0.9066858823866276,-0.8935404374268573,-0.9474815512450556,-0.13530691777161322,0
0.8974046023243571,1.1138396835361157,0.10605450912486876,1.2520821949016356,-0.13670729985840444,0
-2.2006110528658516,-2.177604045838769,-0.8275294503904226,0.7021912583649624,-0.6380440869296883,0
0.6602600814873361,1.0678055055028903,0.03878616995440783,-0.6154357152211659,0.35062566634496645,0
0.07496722154910676,-0.44671895178989085,-0.6464707430904861,-0.7968133539740999,0.7175257730842858,0
-0.833245836975718,-0.7597513624157556,1.0063186370884363,-0.8236841152708306,1.6501802428872892,0
0.6602600814873361,0.9895474028464177,-1.1041469198764349,2.222308611722885,-0.8649059849898783,0
-0.051173481023784766,-0.2257548972304507,-0.31390110364025864,-0.7824183032794224,0.5242730451070872,0
0.044693452931611644,0.18855270506847338,0.05073101522766659,-0.6144760451748542,-1.1463827844349288,0
-0.10667539015586391,0.0872775133954141,0.12365743900125249,-0.38511490410632926,-0.9895399907143037,0
0.635031940972752,0.7409628414670737,0.7196423505302059,-0.6375081262863375,-0.811691465691809,0
0.635031940972752,0.8790653755666976,0.09851039632070593,0.6455707256325655,-0.2655424518432037,0
0.17083415550450315,-0.19353097260720337,-0.8111838726480665,0.41716925461035204,1.4261191090006817,0
-0.7121507625057375,-0.7505445268090948,0.6001938977976097,1.021761383786799,0.5998936777938173,0
0.7611726435456435,1.3808379161287552,-2.6161128610442974,-0.22005165614069636,-1.3578404795404144,0
0.614849428561079,0.6488944854006229,-0.11209608612887158,0.8538191256822305,0.20638631140546282,0
-0.33877428288997397,-0.16130704798395604,-0.07751890244312006,0.09280077895695739,-1.7149379116721948,0
0.7056707344135643,0.897479046779993,-0.7715772804262059,0.20316283428281653,-0.8046895552578526,0
-0.25804423324331077,-0.230358315033768,-1.5964002803481336,1.052470825268777,0.7287288297786163,0
-1.4185386969139184,-0.9116641499253576,-0.24411806020174107,-0.2785915289657173,1.365902679268656,0
-1.7465045236034538,-1.7909169503597484,-0.312643751506231,0.475709127435373,-1.2920225214612235,0
-2.0240140692637922,-0.9899222525818303,1.2898515433115996,1.2492031847627,1.5381496759439854,1
-0.6465575971678361,-1.2154897249445615,-0.4855296699349887,-0.04443203766563282,0.3632291051260882,0
-1.736413267397603,-2.2558621484952415,-1.2795475425732463,1.1302040990200342,0.3366218454770535,1
-1.2318504571060367,-0.5249770544463374,0.6460872506896069,0.33655697072015955,1.5647569355930198,1
-1.0249797048865108,-0.29020274647694533,-0.6414413345543771,0.3499923513685251,0.28760847243935816,0
-0.787835184049461,-1.8875887242295166,0.0362714656863526,1.5898860512033959,-0.2739447443639514,1
0.30202048618030575,0.13791510923195682,0.8434915357318981,2.047648663294134,1.4961382133402465,1
0.019465312417027605,-0.10606603434409602,0.3807859504098403,0.4747494573890614,0.9037765906275282,0
0.5896212880465237,0.4555509376611389,1.0987340189394452,-1.0530452563393555,0.32681917086951456,0
-0.19749669600832057,0.05965700657548408,-0.9683528894014826,-0.144237722482062,-0.9853388444539298,0
-0.8534283493873622,-0.2533754040503807,-1.8170655798699291,-1.4800984269481154,1.6949924696646104,1
0.4180699325473751,-0.48354629421645545,-0.40128707695515714,0.27705742784882625,0.21198783975262808,0
0.6501688252814852,0.48317144448106897,0.1701794679602628,-0.44077576679241465,-1.1715896619971722,0
1.583610024320894,1.6340258953114426,0.38833006321400454,-0.6375081262863375,0.9990025725293366,0
-0.45986935735995443,-0.2211514794271334,-0.48301496566693347,0.05345430705817242,-1.1463827844349288,0
0.06992159344619568,0.22538004749506418,-1.373848952625296,-2.2641488547848723,-0.6618505824051404,1
0.4029330482386419,-0.29020274647694533,-0.5389671356311502,-0.32273635109606114,1.5199447088156985,1
0.09010410585786865,0.2391903009050161,-1.9308559479994032,1.4075487424041502,1.2160617959819875,1
0.30202048618030575,0.6534979032039664,-0.712481730126921,1.3125414078192805,0.433248209465653,0
2.4615493142282237,1.7813352650177274,-1.5096429831002482,-0.8467161963823144,-0.3467646128770988,0
0.6905338501048311,0.5476192937275636,0.5895064046583771,-0.2968252598456417,0.9891998979217973,0
1.533153743291726,2.3475556548262535,0.04318690242350234,-0.39567127461575924,1.129238106600927,1
0.9529065114564363,0.800807272910251,-0.8966838177619256,-0.6336694461010902,0.9289834681897717,0
1.8308458013637658,0.6028603073674236,-0.022824084612932404,0.15038098173566603,0.4318478273788618,0
1.4625149498509136,1.6202156419014646,0.07776408610925387,-1.0050617540237645,-1.6981333266306993,0
-0.7071051344028264,-1.4042298548807544,0.3229477522445829,-0.5760892433223809,-1.3494381870196668,0
0.9327239990447633,1.5143370324250618,0.6567747438288395,0.6849171975313497,1.0228090680047885,0
-1.5043143746634928,-1.4042298548807544,-1.007959481623343,0.6993122482260276,0.2638019769639063,0
0.4685262135765432,-0.00018742486769325717,0.8548077049381437,-0.01276292613734293,0.8743685668049112,0
0.1001953620636908,-0.18432413700056877,-0.3799120906766934,-1.6221295938022648,-1.7009340908042818,0
-1.4689949779430866,-1.2154897249445615,1.4910278847559721,0.7837632123014673,0.5214722809335044,0
-0.7222420187115596,-0.6999069309725783,0.7322158718704792,-0.9110140894852062,1.1614468945971268,0
1.7400244955112805,1.7951455184276792,0.09285231171758238,1.099494657538056,1.2314659989366916,0
1.0992297264410007,1.8089557718376574,-1.3675621919551593,-1.6921855071830276,-0.6492471436240188,1
0.5997125442523458,0.09648434900204872,0.441767528910166,-1.5184852288005883,0.40944171399020074,0
2.572553132492353,2.0437300798070495,0.7378739564736013,-0.5319444211920378,-1.133779345653807,0
0.24651857704825528,0.31744840356148885,-1.9578890188809905,-0.8841433281884755,1.0900274081707708,0
0.1001953620636908,-0.2671856574603326,-1.2487424152895776,-0.8707079475401099,-1.7093363833250297,0
-1.6708201020597016,-1.3259717522242818,-1.3663048398211317,-0.3342523916518027,-1.7177386758457776,0
0.2111991803278491,0.29903473234819344,0.8541790288711292,-1.8486117247318545,1.6669848279287844,0
1.1093209826468229,1.2427353820291052,1.6928329022673578,-0.9570782517081736,-0.10589889394899589,0
0.11028661826951294,0.0688638421821187,0.18023828503248226,-0.34001041192967385,-1.2962236677215973,0
0.23642732084240445,0.12870827362529605,-0.6049781226675849,0.5140959292878463,-0.6408448511032709,0
0.4432980730619592,-0.17972071919722526,-0.9557793680612092,-0.7142817299912835,-1.0217487787105035,0
-0.4396868449482815,-0.5848214858895409,-0.5439965441672592,0.669562476790361,0.29321000078652343,0
-1.6455919615451176,-0.5848214858895409,-0.8199853375862584,-0.8591919069843681,0.3800336901675836,0
-0.06126473722960691,0.5844466361541282,0.25442206094009434,-0.13176201188000877,1.669785592102367,0
-1.3277173910614333,-1.685038340883372,-1.999381639303892,-0.3899132543378881,0.9962018083557538,0
-1.1561660355623133,-0.9070607321220403,-0.1762210449642656,-0.9100544194388946,1.4121152881327688,0
-0.15713167118500332,-0.5986317392994929,-1.0494521020462457,-1.0847143678676459,0.7721406744691464,0
-0.787835184049461,-1.1924726359279751,0.5869917003903219,0.31640389974761124,-0.205326022111178,0
0.7157619906194151,0.7869970195002729,-0.030368197417095233,0.5966275532706627,1.0536174739141968,0
-0.005762828097527755,0.4601543554644562,0.24184853959982108,-0.784337643372046,-1.5959054342949348,0
-0.47500624166868766,-0.45592578739652545,-0.03288290168515046,0.7098686187354575,1.3294927450120824,1
0.7712638997514657,0.5292056225142682,0.9359069175829056,0.5851115127149206,-0.49240434990339366,0
1.366648015895517,1.7997489362309966,-0.1579894390208702,-1.115423809349624,0.46685737954864415,0
0.09010410585786865,-0.5525975612662674,-0.2925261173617935,-0.7785796230941752,0.6531081970918863,0
0.09514973396077972,0.19315612287181685,0.18023828503248226,0.7712875016994141,-0.41398295304308097,0
-0.5305081508007667,-1.0451632662216903,-0.19571000304169006,-0.32849437137393156,0.1433691174998545,0
-0.7020595062998867,-0.48354629421645545,-0.17999310136634847,-0.6432661465642086,-0.7122643375296271,0
1.4675605779538246,1.021771327469665,-0.9331470296487179,-0.8793449779569164,0.8183532833332593,0
-0.036036596715022864,-0.03701476729425789,0.4279366554358651,0.09472011904958065,0.17557790549605448,0
0.3070661142832455,0.21156979408508608,0.11045524159396469,-1.494493477642793,0.9821979874878408,0
-1.2873523662381159,-0.9623017457619003,0.824631253721488,-1.4148408637989116,-1.5917042880345609,0
-1.0249797048865108,-1.2937478276010344,1.0767303565939668,0.03234156603931249,1.5143431804685332,0
1.0386821892060105,0.5568261293341982,-1.2411983024854134,1.3336541488381404,-1.0693617696614075,0
-0.3085005142724789,-0.45132236959320815,-1.026819763633753,-0.4273403861440491,-1.0609594771406596,0
1.6138837929383891,1.970075394953894,-0.350992991594064,-0.6202340654527247,-1.5819016134270218,0
-1.6203638210305622,-1.178662382517997,2.7490086948503136,1.563974959952977,0.15457217419418504,1
1.5129712308800816,1.2381319642257878,0.5052638116785455,-0.5348234313309727,-0.3649695800053856,0
0.2616554613569885,0.6442910675973056,-0.5867465167241881,0.27321874766357906,-1.2093999783405371,0
-0.7676526716378166,-0.5940283214961756,-1.3134960501919848,0.16669537252296712,0.0075320550810989845,0
-2.6042613010991102,-2.5044467098745855,-0.2466327644697963,-0.7977730240204115,-0.5512203975486282,0
1.169868519881813,1.431475511965298,1.4859984762198617,-0.96571528212498,-0.2543393951488734,0
-1.1763485479739577,-0.5111668010363855,0.16640741155818137,1.6656999848620302,-0.4966054961637675,1
1.0689559578235057,0.814617526320203,1.281678754440421,1.4257824732840751,-1.6463191894194213,1
-1.7263220111917807,-2.278879237511828,-0.7923235906376566,-0.5674522129055749,-1.1295781993934333,0
1.144640379367229,0.9297029714032403,0.2745396950845319,-0.6835722885093052,-1.3116278706763016,0
-0.8937933742107081,-0.3684608491334181,0.24813530026995773,-0.9215704599946365,1.2734774615404305,1
0.39284179203279107,0.3588791637913708,-2.045274992195889,0.12446989048524727,-0.056885520911300544,0
1.1749141479847243,0.16093219824854335,-0.9740109740046061,1.563974959952977,-0.787884970216357,1
0.09010410585786865,1.5143370324250618,-1.5775399983377236,0.9296330593408642,0.7273284476918251,0
0.06992159344619568,0.21617321188840338,-1.0752278207938055,0.7060299385502103,0.02993816846975964,0
-0.5961013161386681,-0.03241134949094058,1.8393144258815413,1.42866148342301,-0.3635691979185944,1
-0.7373789030203215,-0.29480616428026263,0.2808264557546685,0.38837915322099775,-0.3159562069676903,0
0.12542350257827484,0.29443131454487614,-0.10518064939172185,1.009285673184745,-0.6016341526731147,0
-0.2883180018608059,-1.1602487113047277,0.11485597406306063,0.04193826650243083,-0.8130918477786003,0
-1.4639493498401754,-1.9382263200660594,0.8183444930513515,-0.27283350868784617,-0.3845749292204638,0
0.7460357592368816,0.17013903385520415,-0.46478335972353807,0.7012315883186508,-0.6002337705863234,0
0.30202048618030575,0.5292056225142682,0.11359862192903301,-0.3774375437358349,-1.7093363833250297,0
0.20615355222490936,0.29903473234819344,-0.7212831950651127,-0.8447968562896909,0.594292149446652,0
0.25660983325407744,0.48317144448106897,1.7123218603447807,0.4469190260460187,-1.521685183694996,0
-0.5759188037269951,-0.5664078146762455,-0.8690220708133238,-0.007004905859471792,0.020135493862220726,0
-0.6566488533736583,-1.2292999783545397,0.7636496752211623,0.9200363588777458,0.3562271946921317,0
-1.0350709610923328,-1.206282889337927,-0.3723679778725291,0.9814552418417024,0.2904092366129406,0
-1.802006432735504,-1.795520368163092,-0.4559818947853462,-0.4570901575797158,0.29601076496010587,0
0.5744844037377618,0.47856802667772547,-0.7407721531425357,1.032317754296229,0.7021215701295817,0
-0.010808456200467508,0.20696637628176878,0.1544625662849212,0.44787869609233033,-1.0441548920991641,0
0.4937543540910986,0.7639799304836602,-1.0318491721698635,-0.4225420359124903,-0.6674521107523056,0
-0.19749669600832057,0.2576039721183115,0.6794070822413308,-0.6701369078609396,-1.3032255781555537,0
-1.1813941760768973,-1.2385068139611743,-0.0397983384223002,-0.052109398036127894,-0.22493137132625604,0
0.9024502304272682,1.5189404502284054,0.24184853959982108,-0.35248612253172706,0.12936529663194157,0
-2.034105325469643,-2.0625186007557312,-0.2774378917534664,1.2741546059668072,-1.4152561450988574,0
-0.797926440255283,-0.0646352741141879,0.6800357583083453,1.0447934648982822,-0.033079025435848675,0
-0.051173481023784766,-0.2349617328370853,-0.1567320868868426,-0.5434604617477794,1.134839634948092,0
0.5189824946056826,0.055053588772166775,0.304087470234173,0.3624680619705783,1.2944831928423,1
0.2616554613569885,-0.14749679457397796,0.22173090545538354,1.0419144547593473,0.472458907895809,0
-1.4891774903547308,-1.5791597314069692,-0.017794676076821947,-0.42350170595880193,-1.6953325624571167,0
0.5593475194290285,0.6995320812371656,-0.14730194588163764,1.0505514851761533,1.0788243514764402,1
-1.519451258972226,-1.2569204851744697,-0.5395958116981633,0.23483194581110642,-1.6911314161967428,0
1.2051879166022192,1.3302003202922126,-0.7206545189980996,0.9363507496650469,1.2160617959819875,0
2.0831272065095487,2.6743983188620963,-1.0532241584483273,1.2444048345311411,1.3981114672648558,1
-1.8776908542792563,-1.864571635212904,-1.1940475974593885,1.0227210538331106,-1.3844477391894492,0
0.7359445030310594,1.1736841149792931,-0.6024634183995297,-0.8822239880958519,0.03834046099050753,0
0.5391650070173556,0.26681080772494614,2.8011888084124474,0.6474900657251894,0.8449605429822941,1
-1.01488844868066,-0.14749679457397796,-0.020309380344877177,-0.8572725668917445,0.4052405677298271,0
2.067990322200787,1.2933729778656478,0.03878616995440783,0.8288677044781226,-0.4671974723411504,0
0.5240281227085937,1.0678055055028903,0.8051422956440637,-0.8188857650392718,1.2608740227593087,0
1.3161917348663776,0.9204961357966057,-1.0060734534223024,0.2137192047922465,1.2734774615404305,1
-1.0804816140185611,-1.8047272037697266,-0.14855929801566525,-1.7305723090355005,1.0438147993066578,1
-0.24795297703748864,-0.2487719862470634,-0.5578274176415601,-0.4599691677186513,0.8855716234992413,0
1.0891384702351499,0.773186766090321,-1.3587607270169688,-0.4273403861440491,-0.7920861164767309,0
1.891393338598756,1.0862191767161857,0.3267198086466658,-0.8092890645761535,-1.4166565271856488,0
-0.5305081508007667,0.19315612287181685,0.5763042072510908,0.45267704632388983,0.09295536237536794,0
-0.4951887540803606,0.6949286634338483,1.2923662475796533,-0.48875926910800566,-0.5638238363297496,0
0.5492562632231777,1.0263747452729823,-0.021566732478904792,2.550515767561528,0.7805429669898941,1
0.044693452931611644,-0.6722864241526483,-0.7854081539005068,-1.5501543403288782,-1.6939321803703253,0
-1.3579911596789283,-1.6205904916368772,-0.06557405716986128,-0.3659215031800926,-1.3900492675366143,0
0.4382524449590481,-0.09685919873746139,-0.07186081783999793,0.07264770798440909,1.1040312290386838,1
-1.1662572917681355,-1.6436075806534638,1.9864246255627394,-2.576041619836214,1.545151586377942,1
0.12542350257827484,0.7593765126803429,-0.7464302377456593,0.22331590525536482,0.6825162209145034,0
-1.317626134855611,-1.1372316222881151,1.4451345318639734,-0.4052679750788776,0.28620809035256695,0
-0.7020595062998867,-0.7689581980223902,2.616986720777444,0.4363626555365887,-0.4405902126921157,1
-1.3630367877818395,-1.413436690487389,-0.5025039237443579,0.6244579846137055,0.7777422028163117,0
0.16074289929868102,0.2576039721183115,0.1695507918932497,-0.9254091401798837,-1.5384897687364916,0
-2.1703372842483564,-1.8185374571796784,-0.640812658487364,-0.5031543198026828,1.2678759331932652,0
0.09514973396077972,0.4601543554644562,0.5737895029830355,-0.4292597262366731,-0.7122643375296271,0
-1.4185386969139184,-0.5387873078563155,1.6626564510507023,-0.49259794929325285,-0.17171685202818684,0
0.2868836018715725,0.04124333536218868,-0.4144892743624449,-0.448453127162909,-0.10729927603578732,0
0.2767923456657504,-0.202737808213838,-0.13912915701046027,0.14750197159673115,1.0508167097406143,0
0.22129043653367125,-0.5479941434629501,0.4669145715907126,0.6657237966051137,0.4892634929373048,0
-0.1419947868762701,-0.03241134949094058,1.1163369488158275,0.8355853948023054,0.2021851651450892,0
0.47357184167945426,0.29903473234819344,0.3738705136726906,0.9987293026753151,-1.0189480145369207,0
0.11533224637242401,0.7317560058604129,0.8177158169843369,-0.6845319585556168,-0.6814559316202186,0
0.3575223953123849,-0.2073412260171553,-0.1127247621958861,-0.8256034553634546,-0.5050077886845152,0
-0.4447324730511925,-0.2257548972304507,-0.9601801005303052,0.2261949153943004,-0.9363254714162345,0
0.13551475878409697,0.8652551221567457,0.755476886349985,1.5198301378226333,-0.3845749292204638,1
0.21624480843076016,-0.5433907256596328,0.1123412697950054,1.22809044374384,0.49066387502409603,0
-0.8736108617990351,-1.012939341598417,1.5010867018281902,0.06305100752129075,0.7329299760389903,0
0.23138169273949338,0.05965700657548408,-0.7652905197560693,0.7703278316531017,-0.1857206728960998,0
-0.20254232411126033,0.018226246345575976,0.9434510303870698,0.28857346840456854,1.2888816644951346,0
0.8217201807806337,0.11950143801866142,-0.9846984671438387,1.8259648825961035,-1.625313458117552,0
-0.2681354894491616,-0.1014626165407787,-2.067907330608382,-0.2968252598456417,-1.5132828911742482,0
-1.9180558791025735,-1.4778845397339098,-1.605201745286324,0.10047813932745178,0.6377039941371822,0
1.1950966603963973,1.0678055055028903,-0.6257244328790356,2.0303746024605216,0.41084209607699235,1
-0.5405994070065889,-1.5285221355704264,0.18903974997067272,1.2655175755500012,-1.0091453399293817,0
0.6501688252814852,0.7133423346471437,-0.7357427446064267,-0.8707079475401099,-0.6254406481485667,0
-0.6818769938882424,-1.1464384578947497,-0.19319529877363484,1.4334598336545696,0.548079540582539,0
-0.2731811175520727,-0.35465059572346613,1.0220355387637778,-0.1643907934546103,1.3869084105705254,1
0.9781346519710203,1.0954260123228203,-0.826272098256395,-0.7497895217048205,-0.18291990872251718,0
-1.4387212093255914,-1.4640742863239318,-1.5630804487964096,0.4123709043787932,-0.09889698351503942,0
-0.7121507625057375,-1.0175427594017603,0.19281180637275555,0.06593001766022633,-1.4418634047478922,0
-0.6314207128590743,-0.2073412260171553,0.8975576774950725,-1.5770251016256094,0.050943899771629074,0
-0.1722685554937652,0.10569118460868333,-0.6194376722088989,0.07168803793809746,-0.23473404593379515,0
1.0235453048972487,1.320993484685578,0.02181191614503861,-1.774717131165844,-0.4798009111222719,1
-1.0502078454010662,-0.07384210972084869,1.683402761262153,-0.035795007248826796,-0.035879789609431105,0
-0.10667539015586391,-0.5525975612662674,-2.7236164685036335,-0.4340580764682319,0.7231273014314511,0
-0.4951887540803606,-0.8011821226456376,-1.3839077696975155,0.42004826474928764,-0.9041166834200345,0
0.18092541171035398,-0.0830489453274833,-0.44843778198118195,-0.8016117042056591,0.09995727280932443,0
0.024510940519967356,-0.4144950271666435,2.42586919640529,-1.6825888067199097,-0.48260167529585457,0
-0.13190353067041927,0.22998346529838148,-2.297374095068369,1.2962270170319794,1.5577550251590633,1
-0.9543409114456697,-1.026749595008395,-0.8357022392615999,0.5678374518813077,-0.2599409234960384,0
-0.12181227446459714,0.20236295847845148,-1.2493710913565907,1.0169630335552395,1.6613832995816193,1
-1.2671698538264429,-0.847216300678863,-0.9425771706539229,0.5745551422054905,-0.13810768194519585,0
1.6290206772471223,1.0125644918630303,-0.8445037041997904,-0.3783972137821465,-1.583301995513813,0
1.5281081151888147,1.9608685593472595,-0.6791618985751969,-1.4570663458366317,-0.593231860152367,0
-0.9240671428281746,-0.3868745203467135,-1.521587828373507,-0.8572725668917445,1.6207722190646716,0
-0.565827547521173,-0.29020274647694533,-2.1911278397430594,-1.243059925509096,-1.4502656972686399,1
-0.041082224817933936,0.3542757459880535,-0.3227025685784491,-0.26611581836366344,-0.6674521107523056,0
0.907495858530208,1.1138396835361157,0.15697727055297642,-1.0933513982844523,0.504667695892009,0
-0.046127852920873694,-0.21194464382049877,0.2581941173421758,2.0505276734330695,0.08455306985462026,1
-1.4286299531197406,-1.5147118821604746,-0.06243067683479297,0.5169749394267812,0.15317179210739382,0
-0.42454996063954825,-0.5802180680861975,-0.9934999320820291,0.04385760659505409,0.6573093433522603,0
1.9065302229074894,0.8790653755666976,0.1117125937279923,0.3307989504422884,1.195056064680118,0
-0.0764016215383688,-0.6584761707426702,-1.4738084472804691,-0.0002872155352890257,0.15597255628097625,0
-1.1057097545331451,-0.52037363664302,-0.5263936142908768,-0.8208051051318954,0.7077230984767469,0
-0.9593865395486094,-0.0646352741141879,1.1402266393623464,0.849020775450671,1.206259121374448,0
-0.09658413395001308,-1.2108863071412443,0.22047355332135593,-0.8112084046687771,0.9765964591406755,0
0.16074289929868102,0.4555509376611389,-0.34784961125899566,2.448790742652475,1.4863355387327073,1
0.34238551100365167,0.29903473234819344,-1.4291724465224982,0.24442864627422475,-0.5806284213712453,0
-0.5809644318299348,-0.819595793858933,0.5662453901788712,0.10815549969794618,1.0886270260839792,0
0.6905338501048311,0.9757371494364657,0.5517858406375572,0.8624561560990365,-1.3396355124121275,0
-0.14704041497918116,-0.46513262300316005,-0.8979411698959519,0.12734890062418286,-0.48120129320906335,0
0.029556568622878428,0.11950143801866142,0.25442206094009434,0.60046623345591,-0.9139193580275736,0
1.6492031896587953,1.9102309635107166,1.2609324442289702,0.7540134408658014,-0.005071383700022757,0
-0.3034548861695678,-0.6354590817260575,1.6557410143135511,1.716562497316556,-1.4376622584875183,1
-1.2268048290031257,-1.6021768204235818,1.8254835524072404,1.0534304953150888,0.9107785010614847,1
-0.11676664636168606,-0.17972071919722526,-0.3981436966200888,0.6321353449841999,-1.3172293990234667,0
-0.09153850584710202,-0.5019599654297509,-0.4679267400586064,-0.27091416859522227,0.9359853786237282,0
0.34238551100365167,0.45094751985779546,-0.8533051691379823,-0.7440315014269494,-1.4712714285705093,0
0.34743113910656276,0.7869970195002729,0.44302488104419363,0.3663067421558255,1.011606011310458,0
-0.24290734893457758,0.510791951300999,0.2877418924918183,2.2645340937606053,1.6963928517514015,1
0.5391650070173556,0.4049133418245962,-1.066426355855615,-1.061682286756162,0.21198783975262808,0
-0.21263358031708246,-0.18892755480388607,-2.7236164685036335,1.1398007994831525,1.5969657235892196,1
0.3322942547978009,-0.078445527524166,1.2439581904196009,-1.151891271109473,1.3855080284837342,1
-1.4185386969139184,-1.7310725189165712,0.14126036887763482,-1.1240608397664305,1.3757053538761947,0
-0.838291465078629,-0.8564231362854976,0.35312420346123996,0.3739841025263206,-1.4866756315252136,0
0.8671308337068621,-0.15210021237729526,1.107535483877637,-0.5415411216551554,1.6683852100155758,0
0.5240281227085937,0.7271525880570956,-0.16804825609308827,-0.07418180910129946,-0.09609621934145698,0
-0.10162976205292416,0.18394928726515608,0.2632235258782848,-0.7066043696207891,-1.6603230102873343,0
-0.47500624166868766,-0.819595793858933,0.3594109641313766,1.04863214508353,-0.8467010178615915,0
1.1799597760876352,0.7501696770737083,-0.16113281935593854,0.9872132621195735,0.13636720706589803,0
-0.7272876468144707,-0.4190984449699608,-1.5058709266981654,0.6426917154936298,-0.48260167529585457,0
1.2859179662488824,0.800807272910251,1.3891823618997583,-0.3121799805866305,-1.3494381870196668,0
-0.7323332749173818,-0.44671895178989085,0.8780687194176495,-0.17014881373248145,0.5396772480617914,0
-0.005762828097527755,-0.46973604080650355,-0.6232097286109817,-1.7689591108879732,-0.06668819551883966,1
0.6047581723552569,0.869858539960063,1.7393549312263694,1.3269364585139576,1.0102056292236667,1
0.9579521395593474,0.9619268960264876,-0.20828352438196335,0.5649584417423722,-0.9251224147219039,0
-0.16722292739082545,0.34046549257810155,0.10856921339292398,-0.2949059197530177,-0.26834321601678635,0
1.0134540486914265,0.897479046779993,0.01301045120684674,0.12351022043893566,0.6811158388277122,0
0.5442106351202667,0.5706363827441763,-0.12152622713407654,-0.11832663123164325,-1.2402083842499454,0
-1.01488844868066,-1.9428297378693766,0.37575654187373125,0.1292682407168061,0.11956262202440265,0
-0.84333709318154,-0.6492693351360356,-0.7508309702147553,0.06017199738235519,0.6937192776088339,0
-0.7474701592261437,-0.46513262300316005,0.7523335060149167,-0.6998866792966063,1.6543813891476629,0
-0.5405994070065889,-0.8886470609087449,1.29865300824979,-1.9762478408913264,0.43464859155244423,0
0.5946669161494347,0.19315612287181685,0.8849841561547993,-0.8246437853171426,0.4962654033712613,0
-0.5153712664920336,0.49698169789102087,0.35626758379630824,-0.2641964782710395,-1.3844477391894492,0
-0.4901431259774495,-0.44671895178989085,0.734730576138533,-0.007004905859471792,1.1838530079857874,0
-0.9593865395486094,-0.6768898419559656,1.0333517079700234,1.3499685396254408,-1.1393808740009723,1
-0.22272483652290462,-0.6032351571028102,0.7630209991541479,2.2990822154278305,0.2624015948771147,1
1.1093209826468229,1.7122839979678892,0.6605468002309208,-0.33905074188336154,-0.5666246005033323,0
0.6299863128698409,0.869858539960063,0.11359862192903301,1.23864681425327,-0.41958448139024623,0
-0.09153850584710202,0.27601764333158074,-0.9708675936695378,0.5707164620202434,1.5353489117704027,0
1.6845225863792015,1.3071832312755998,-0.13535710060837744,-0.2046969353997069,0.3408229917374275,0
-1.0956184983273232,-1.3167649166176472,1.5356638855139417,0.3135248896086757,-1.2500110588574846,0
1.058864701617655,0.635084231990671,1.7035203954065903,0.237710955950042,0.8617651280237895,0
1.144640379367229,1.1230465191427506,-1.4442606721308267,0.5659181117886846,-1.7289417325401077,0
-0.08144724964127988,0.5844466361541282,2.0643804578724327,2.344186707604486,0.1419687354130633,1
-0.6818769938882424,-0.8149923760556157,0.7768518726284488,-0.6672578977220041,-1.6813287415892038,0
0.609803800458168,0.47856802667772547,0.6794070822413308,-2.1374724086717123,-1.034352217491625,1
2.0023971568628856,2.3935898328594787,-0.49495981094019365,-1.2776080471763214,-0.503607406597724,0
-0.7121507625057375,-0.6400624995293748,0.11674200226410134,-0.7507491917511322,-0.6422452331900623,0
-0.6818769938882424,-0.6999069309725783,1.0075759892224638,0.6618851164198665,-0.759877328480531,0
-0.9896603081661045,-0.11066945214741332,0.31728966764146077,-1.9551350998724664,-0.7318696867447052,1
-1.090572870224412,-1.206282889337927,0.612767419137883,2.5917815795529355,1.0270102142651625,1
1.129503495058496,-0.15210021237729526,-0.4276914717697313,0.5208136196120291,1.2678759331932652,0
0.9831802800739314,1.4452857653752498,0.392102119616086,-0.6816529484166812,0.8673666563709547,0
-1.2469873414147987,-1.6390041628501464,0.5084071920136138,-1.32943022967716,-1.000743047408634,0
-1.115801010738996,-1.2937478276010344,0.4524550220493986,0.3691857522947611,-0.47279900068831543,0
1.3716936439984282,1.0724089233062077,-0.4767282049967968,1.812529501947738,1.545151586377942,1
-0.08144724964127988,-0.018601096080988658,0.14251772101166243,0.8163919938760694,0.35062566634496645,0
0.24651857704825528,0.44634410205447816,-1.163871146242733,1.4795239958775366,1.4849351566459161,1
-0.6415119690649251,-1.0313530128117123,0.2154441447852469,0.20028382414388096,-1.1869938649518763,0
1.7904807765404487,1.74911134039448,0.7454180692777655,0.7290620196616935,-0.6660517286655142,0
0.9377696271477031,0.47396460887440817,-0.4704414443266602,0.9219556989703698,0.41784400651094883,0
0.6299863128698409,0.36808599939803155,-1.8403265943494351,-1.2612936563890207,1.0886270260839792,1
0.17587978360741424,0.7685833482870037,0.7680504076902583,0.02178519552988253,0.361828723039297,0
0.38275053582696894,0.773186766090321,-0.027853493149041432,0.9574634906839069,1.3350942733592475,1
1.835891429466677,1.8273694430509266,1.788391664453435,-1.7305723090355005,0.7357307402125728,0
-0.37913930771329124,-0.28099591087031073,0.16640741155818137,1.1839456216134963,-0.3509657591374727,0
-1.060299101606917,-0.9484914923519222,0.04444425455752995,0.30104917900662176,-1.4334611122271446,0
-0.2378617208316665,-0.3592540135267835,-0.5647428543787099,-0.35632480271697425,-0.7850842060427744,0
1.5987469086296557,1.0678055055028903,0.25002132847099845,0.13982461122623607,-1.559495500038361,0
0.9680433957651982,1.0401849986829603,0.0639332126349544,0.3096862094234285,0.13636720706589803,0
-2.1804285404541788,-2.030294676132484,-0.09386448018547618,-0.04827071785088002,-1.1211759068726854,0
-0.4144587044336974,-0.16591046578727336,0.3958741760181688,0.045776946687678025,0.18958172636396745,0
0.09010410585786865,-0.10606603434409602,-2.4916349997755907,-0.7699425926773689,0.21198783975262808,0
-1.282306738135205,-2.182207463642086,0.5222380654879147,0.17149372275452665,1.248270583978187,0
0.39284179203279107,0.0688638421821187,-1.0683123840566557,-0.06650444873080506,-0.18011914454893474,0
2.4514580580224012,1.8503865320675392,-0.5025039237443579,0.44787869609233033,-1.5819016134270218,0
0.614849428561079,0.5338090403175855,0.023697944346079317,-0.26803515845628734,0.017334729688638095,0
-0.787835184049461,-1.2477136495678351,-1.0626542994535322,0.4881848380374269,-0.7528754180465747,0
-0.051173481023784766,-0.29020274647694533,1.401127207173017,1.649385594074729,1.3014851032762564,1
2.1588116280532725,2.545502620369081,-0.7986103513077932,-0.8639902572159273,-1.1561854590424678,0
-0.32868302668415184,-0.230358315033768,0.33112054111576167,-0.35056678243910383,-0.43918983060532446,0
0.29697485807739465,0.7962038551069076,0.3103742309043096,1.0668658759634544,0.9667937845331366,0
0.7813551559573164,-0.0646352741141879,0.5706461226479672,1.1513168400388947,0.37583254390720994,0
0.15569727119576995,0.5430158759242463,0.31100290697132416,1.144599149714712,0.7301292118654076,0
-1.9079646228967513,-2.0395015117391186,0.8799547476186903,-0.03963368743407399,1.3168893062309606,1
-0.09658413395001308,-0.8011821226456376,1.1207376812849235,-0.4455741170239735,0.4220451527713225,0
0.049739081034522716,-0.1244797055573914,0.729701167602424,-0.3217766810497488,1.3617015330082818,1
1.1345491231614069,0.9895474028464177,-0.30698566690310747,-0.6912496488797996,0.35202604843175767,0
1.5381993713946656,0.8928756289766757,-0.6609302926318016,1.8461179535686518,0.3002119112204799,0
-1.1410291512535515,-0.8011821226456376,0.04570160669155757,-0.7037253594818534,1.5199447088156985,0
-0.4850974978745385,-1.0727837730415943,0.876811367283622,-2.1605044897831958,-1.3858481212762404,1
0.7359445030310594,-0.18892755480388607,-0.18753721417051128,-1.2459389356480315,-1.161786987389633,0
-0.6768313657853313,0.2483971365116507,-0.30195625836699846,-0.2334870367890619,0.9177804114954412,0
-0.051173481023784766,-0.30401299988692343,0.7435320410767249,-0.26803515845628734,1.1362400170348834,0
1.0134540486914265,0.9204961357966057,-1.0683123840566557,0.28089610803407417,0.1419687354130633,0
-0.6061925723444902,-0.078445527524166,0.6184255037410051,0.715626639013328,-1.6239130760307605,0
1.5381993713946656,1.6570429843280292,0.2933999770949418,-1.2411405854164723,-1.3690435362347448,0
0.5997125442523458,0.7685833482870037,-2.7236164685036335,-0.16631013354723423,-0.7850842060427744,0
0.5139368665027715,0.7317560058604129,-0.3698532736044739,0.5419263606308891,-1.3116278706763016,0
-0.4195043325366085,-0.29480616428026263,-0.6125222354717491,0.2991298389139985,-1.4656699002233442,0
1.866165198084172,2.5731231271890107,1.7557005089687243,2.6032976201086777,-0.2473374847149169,1
1.866165198084172,1.2795627244556698,-1.4109408405791026,-1.3735750518075034,-1.4852752494384223,0
-0.29840925806665675,-0.8702333896954495,0.8095430281131596,-0.21429363586282524,-1.4208576734460228,0
0.48366309788527645,-0.5387873078563155,-1.1965623017274423,3.377751347482317,-1.72053944001936,1
0.7763095278543767,0.7041354990404829,-0.30698566690310747,-1.3678170315296325,-0.897114772986078,0
1.6592944458646173,1.3255969024888952,0.32546245651263817,-0.3188976709108132,-0.5232127558128022,0
-0.8483827212844511,-0.8103889582522722,-0.13158504420629602,0.11775220016106451,-0.764078474740905,0
1.588655652423805,1.77673184721441,1.117594300949855,-0.125044321555826,1.190854918419744,0
-0.5961013161386681,-0.31321983549355803,-0.350992991594064,-0.5876052838781232,0.7259280656050339,0
-0.5809644318299348,0.26681080772494614,-1.1940475974593885,0.12830857067049448,-1.2892217572876408,0
0.9680433957651982,1.9056275457073995,1.3885536858327439,-0.5636135327203277,-0.15771303116027388,0
-0.4195043325366085,-0.9116641499253576,-0.615036939739803,0.3116055495160524,-1.0637602413142424,0
1.7400244955112805,0.869858539960063,1.1421126675633886,-0.869748277493798,0.6741139283937557,0
1.0487734454118327,0.0688638421821187,-0.2510334969388922,-0.5309847511457255,1.1978568288537004,0
-0.06126473722960691,-0.06923869191753138,-1.16009908984065,2.040930972969951,-0.10309812977541347,0
0.4483437011648702,0.773186766090321,1.7663880021079568,0.17629207298608546,-0.32996002783560324,0
-0.005762828097527755,0.18855270506847338,1.0415244968412023,0.6781995072071669,-0.15351188489990003,0
-0.7827895559465499,-0.8656299718921322,-0.07689022637610696,1.136921789344217,-1.091767883050068,0
1.9317583634220734,1.6156122240981472,0.5568152491736663,1.3883553414779142,-1.3858481212762404,1
-0.5607819194182619,-0.5618043968729282,-1.3279555997332988,0.7357797099858763,-0.3075539144469426,0
0.03964782482870057,0.5430158759242463,0.2292750182595478,0.4469190260460187,0.5774875644051563,0
1.3010548505576158,1.021771327469665,-0.025338788880986205,1.307743057587721,-1.1211759068726854,0
-0.051173481023784766,-0.1244797055573914,-0.7520883223487829,-1.2229068545365476,-0.8607048387295044,0
0.7914464121631386,0.3588791637913708,1.2653331766980662,0.1331069209020533,-1.454466843529014,0
-1.6355007053392954,-1.823140874983022,0.5203520372868741,0.30776686933080455,-1.3704439183215362,0
2.2950435868320147,2.0713505866269792,-0.8206140136532715,-0.8419178461507553,-0.06388743134525703,0
3.082161570886859,2.1956428673166513,-1.3725916004912684,-0.24308373725217955,-1.2668156438989802,0
0.4987999821940383,-0.7091137665792129,1.6437961690402922,-0.9695539623102275,0.03273893264334227,0
-0.2832723737578948,-1.4042298548807544,-1.2135365555368116,-1.3179141891214181,1.1642476587707093,1
0.5290737508115334,0.22998346529838148,-1.6026870410182703,1.1110106980937982,-1.6911314161967428,0
-1.8827364823821673,-1.5285221355704264,0.5517858406375572,-1.6509196951916194,-0.4433909768656983,0
-0.6112382004474299,-1.3259717522242818,0.7850246614996261,-0.8284824655023898,0.3464245200845924,0
0.049739081034522716,-0.32703008890353613,-0.9570367201952369,-0.993545713468023,0.608295970314565,0
-0.6566488533736583,-0.5802180680861975,0.03187073321725667,-1.5136868785690292,-0.399979132175168,0
-1.0804816140185611,-0.7597513624157556,-1.164499822309746,-0.613516375128542,1.1278377245141356,0
0.25660983325407744,-0.041618185097601366,1.548237406854215,1.3816376511537314,-1.3732446824951186,1
0.655214453384425,-0.1014626165407787,0.10605450912486876,-0.5511378221182738,0.3030126753940623,0
-0.8080176964611339,-0.47433945860982085,0.2713963147494636,0.07360737803072072,0.9779968412274671,0
0.6299863128698409,1.1092362657327723,-2.056591161402136,0.002591794603645861,-1.41805690927244,0
1.1345491231614069,1.6478361487213946,1.0591274267175845,0.6311756749378883,1.237067527283857,0
2.4413668018165504,2.504071860139199,0.08593687498043265,0.7271426795690702,-1.2009976858197893,0
-0.7474701592261437,0.10569118460868333,0.6712342933701535,0.19932415409756934,-1.4754725748308835,0
-0.591055688035757,-0.8840436431054276,-0.9507499595251002,0.02370453562250647,0.5060680779788002,0
-0.9291127709311143,-1.1004042798615243,-0.39185693594995213,-1.2612936563890207,1.7005939980117757,1
0.3070661142832455,0.4049133418245962,0.9975171721502457,2.5265240164037324,-1.0371529816652076,1
-0.797926440255283,-0.29940958208360613,1.2169251195380137,1.0659062059171427,0.2918096186997322,1
-0.20254232411126033,-0.47894287641313815,3.1249569829244845,0.3835808029894389,0.02993816846975964,1
-1.0956184983273232,-0.7643547802190729,-2.7236164685036335,-0.8639902572159273,-0.897114772986078,0
-0.24290734893457758,-0.14749679457397796,0.23933383533176586,1.8173278521792975,-0.6002337705863234,1
-0.6112382004474299,-0.47894287641313815,-1.9490875539427988,2.016939221812156,-0.4335883022581592,0
-0.2883180018608059,-0.33163350670685343,-0.13912915701046027,-0.1970195750292125,-1.5847023776006044,0
-0.8584739774902733,-0.5525975612662674,-1.6410362811061032,0.6542077560493714,-0.7178658658767922,0
-0.7575614154319658,-0.8103889582522722,0.005466338402682484,0.827908034431811,-1.3634420078875797,0
1.5381993713946656,1.1414601903560198,-0.36042313259926895,-1.109665789071753,-0.08069201638675261,0
-0.318591770478301,-0.52037363664302,0.8365760989947468,-0.5722505631371337,-0.1591134132470653,0
2.55741624818362,2.7480530037152255,0.705811477055905,0.27609775780251467,0.9807976054010495,0
2.067990322200787,1.928644634724012,1.7588438893037925,1.2827916363836138,-0.20812678628476064,1
1.5533362557033987,1.5097336146217446,-0.11586814253095443,0.4258062850271588,0.22739204270733226,0
-0.8635196055932131,-1.3950230192741198,-0.0397983384223002,1.3586055700422475,0.6026944419673997,0
-0.565827547521173,-0.05082502070423598,0.4266793033018375,1.2376871442069584,0.2049859293186716,0
-0.6061925723444902,-0.6124419927094448,-0.14918797408267834,0.1302279107631184,-0.41678371721666363,0
0.33733988290074063,0.9665303138298049,-1.1663858505107867,0.8231096842002522,-1.630914986464717,0
-1.8423714575588501,-2.3709475935782787,-0.2063974961809212,-0.33329272160549106,0.8421597788087112,0
1.0386821892060105,0.8790653755666976,-0.37928341460967885,0.34231499099803,-0.4910039678166022,0
1.6996594706879633,0.9297029714032403,0.12931552360437462,0.5812728325296733,1.209059885548031,0
-0.47500624166868766,-0.3868745203467135,1.3891823618997583,1.6714580051399006,-1.1561854590424678,1
0.34743113910656276,0.29443131454487614,-0.3641951890013518,0.8998832879051976,0.24139586357524523,0
1.9569865039366574,1.8227660252476092,1.2257265844762055,-0.3745585335968993,-1.0637602413142424,0
-0.15713167118500332,-0.4190984449699608,-1.1714152590468958,0.6561270961419954,-0.5022070245109328,0
-0.9442496552398475,-0.9761119991718523,-0.9111433673032396,-0.3025832801235128,0.2231908964469586,0
0.7208076187223262,0.6534979032039664,0.5498998124365165,0.675320497068232,1.6151706907175067,1
-1.37312804398769,-0.9254744033353095,-0.011507915406685306,0.022744865576194158,-1.2472102946839019,0
-1.1612116636652243,-1.0635769374349597,-0.4855296699349887,2.0994708457949725,0.5060680779788002,1
0.8519939493981288,0.5660329649408328,-0.17684972103128013,0.9171573487388103,-0.598833388499532,0
0.8015376683689608,0.5890500539574455,0.1437750731456886,-0.7488298516585089,0.9611922561859714,0
0.044693452931611644,0.05045017096884947,0.03249940928427119,-0.5338637612846611,-0.2459371026281255,0
0.20615355222490936,0.6949286634338483,0.057646451964817755,0.06401067756760238,1.1824526258989962,1
2.1285378594357773,1.7260942513778674,-0.7539743505498236,-0.5789682534613165,0.9499891994916412,0
-0.036036596715022864,-0.17051388359059066,0.71524161806111,1.2559208750868829,0.23439395314128875,1
-0.364002423404558,-0.9530949101552396,-0.4710701203936747,0.27993643798776185,-1.1015705576576074,0
-0.7323332749173818,-0.38227110254337,-0.08443433918027121,-0.1653504635009226,1.223063706415944,1
-2.9221358715827948,-2.7392210178439775,0.9880870311450408,-0.30738163035507166,-0.9797373161067645,0
-0.17731418359667628,-0.14749679457397796,0.6926092796486186,1.3039043774024737,-0.8368983432540523,1
-0.9240671428281746,-1.6712280874733938,0.7183849983961783,0.13598593104098888,1.1754507154650398,0
0.22129043653367125,0.3957065062179616,0.22298825758941115,-0.11832663123164325,0.6545085791786774,0
0.7662182716485546,0.814617526320203,0.5128079244827098,0.827908034431811,1.087226643997188,0
-0.046127852920873694,-0.9715085813685349,1.0591274267175845,-0.3966309446620709,-0.5904310959787844,0
-2.008877184955059,-1.3443854234375772,0.6894658993135503,0.5092975790562868,-0.825695286559722,0
0.5744844037377618,0.8836687933700411,-0.07814757851013457,-0.016601606322590126,0.07335001316028973,0
-1.090572870224412,-0.7275274377924821,0.07650673397522768,-0.1519150828525571,-0.5246131378995934,0
-1.2520329695177097,-0.8334060472688849,1.072329624124871,-1.364938021390697,-0.46299632608077634,0
-1.5547706556926322,-1.7817101147531138,1.3326015158685285,0.11487319002212895,-1.2486106767706935,0
-0.8231545807698671,-0.42830528057659545,-0.4264341196357037,-2.2910196160816034,-1.5650970283855261,1
0.9428152552506142,1.0908225945195031,0.16640741155818137,1.213695393049163,-0.21092755045834308,0
1.1850054041905465,0.6719115744172356,0.8265172819225288,-0.030036986970955658,-1.3984515600573622,0
-0.7474701592261437,-1.5423323889804046,0.30848820270326893,0.7866422224404028,0.33522146339026226,0
0.3676136515182071,-0.6446659173327183,-0.8803382400195695,-0.23060802665012634,-0.3607684337450118,0
-1.7010938706771968,-1.4686777041272492,-0.141015185211501,0.6503690758641243,1.266475551106474,0
-0.787835184049461,-0.9715085813685349,-0.00396380260252248,0.6657237966051137,1.5731592281137678,1
-0.5204168945949447,-1.3167649166176472,-0.15044532621670595,-1.4340342647251483,0.6321024657900168,0
-0.7777439278436388,-1.0589735196316423,0.0035803102016417772,-1.0923917282381403,-0.028877879175474627,0
0.7409901311339705,0.13791510923195682,2.140450261981087,2.492935564782818,1.631975275759002,1
0.05983033724037354,-0.6722864241526483,1.431303658389674,-0.024278966693084523,0.7595372356880247,0
0.24147294894531554,0.2391903009050161,-2.2879439540631643,0.4018145338693633,-0.5834291855448279,0
0.4231155606502862,0.6673081566139183,-0.4559818947853462,-0.6758949281388108,0.06914886689991608,0
-0.38923056391914207,-1.054370101828325,0.7781092247624763,0.2175578849774937,1.3645022971818648,0
1.5180168589829925,1.8089557718376574,-0.5119340647495628,2.8153847003435906,-1.5272867120421612,1
0.7510813873398213,1.1460636081593631,1.8613180882270195,-0.97627165263441,-1.058158712967077,0
0.8065832964718719,1.6984737445579372,0.5241240936889554,-0.2613174681321046,0.09715650863574199,0
1.0386821892060105,0.9435132248132184,2.8609130347787457,1.462249935043924,1.2720770794536393,1
-1.2167135727973035,-0.8288026294655676,-0.5377097834971225,0.9449877800818529,1.077423969389649,0
-0.34381991099288506,0.018226246345575976,0.7328445479374922,-0.22580967641856683,-1.3900492675366143,0
-0.8029720683582228,-0.8564231362854976,0.6536313634937712,0.09567978909589296,0.5634837435372433,0
1.1799597760876352,1.1184431013394331,0.480116768997999,-1.9589737800577136,-1.6141104014232215,1
-0.6415119690649251,-0.40989160936330005,-0.8432463520657641,-0.4945172893858768,1.0816251156500227,0
0.4483437011648702,0.30363815015151074,0.9843149747429579,-0.29010756952145894,0.6685124000465904,0
-1.368082415884779,-1.2569204851744697,0.00735236660372462,0.7780051920235967,0.42064477068453127,0
2.052853437892054,2.2508838809565113,-0.09952256478859829,-0.5041139898489945,0.37723292599400116,0
0.7006251063106532,0.5015851156943382,2.0015128511710665,-0.2248500063722552,0.16437484880172396,0
0.7409901311339705,0.7133423346471437,1.1993221896616313,1.1225267386495397,0.9709949307935106,1
0.5946669161494347,0.30824156795485425,1.3256860791313774,-1.1192624895348713,-0.06248704925846581,0
-1.4992687465605816,-1.6205904916368772,0.6247122644111417,0.0486559568266136,1.2594736406725175,1
1.119412238852645,1.6156122240981472,-0.5660002065127374,1.078381916519196,-1.090367500963277,0
0.3272486266948898,0.6581013210072837,1.2904802193786127,1.1148493782790454,0.997602190442545,1
1.1496860074701403,0.7363594236637302,-1.3367570646714906,-0.09721389021278332,-0.915319740114365,0
-2.084561606498782,-2.357137340168301,0.8874988604228545,1.4065890723578385,0.42064477068453127,1
0.5492562632231777,-0.07384210972084869,-0.22777248245938636,0.9353910796187354,0.2553996844431582,0
0.08505847775495758,-0.2625822396570153,1.1829766119192766,1.0371161045277877,-1.1029709397443985,1
-1.3882649282964235,-0.5433907256596328,-0.22777248245938636,-0.7440315014269494,-1.4138557630120663,0
0.00937405621120546,0.21156979408508608,-0.5735443193169016,-0.12216531141689044,-1.5763000850798565,0
1.1799597760876352,1.0355815808796431,1.5545241675243517,0.9008429579515091,1.3715042076158213,1
0.25660983325407744,-0.00939426047435404,-0.47987158533186514,1.4833626760627838,1.4345214015214296,1
-0.8988390023136192,-1.0359564306150295,-0.9702389176025232,0.05825265728973193,-1.128177817306642,0
-0.318591770478301,-0.2763924930669934,0.6932379557156317,0.21659821493118206,0.10135765489611565,0
0.12037787447536376,-0.230358315033768,-0.8765661836174882,0.7424974003100591,-1.1799919545179198,0
0.43320681685613704,1.3117866490789172,-0.7388861249414951,-0.22676934646487915,1.0578186201745707,0
0.16074289929868102,-0.49275312982309005,0.8378334511287745,-1.7708784509805968,1.192255300506535,1
-0.2378617208316665,-0.4006847737566654,-1.2273674290111125,-0.439816096746103,0.024336640122594573,0
0.014419684314116532,0.10108776680536602,-1.007959481623343,0.28857346840456854,-1.5174840374346221,0
-1.6960482425742855,-1.054370101828325,-2.7236164685036335,-0.38703424419895255,-1.7093363833250297,0
-0.9846146800631648,-0.930077821138653,-0.50816200834748,-1.87260347588965,0.3716313976468359,1
1.5937012805267161,0.869858539960063,1.2206971759400966,-0.06458510863818112,1.4191171985667252,0
0.8772220899127129,1.1736841149792931,-0.2019967637118267,-1.8543697450097254,0.7483341789936946,1
0.7813551559573164,1.077012341109525,-0.5477686005693421,0.10431681951269899,1.1040312290386838,0
0.1960622960190872,0.34506891038141885,1.362777967085184,1.276073946059431,-1.271016790159354,1
-0.09153850584710202,0.36808599939803155,-0.11398211432991372,-1.040569545737302,0.09715650863574199,0
1.1749141479847243,0.6765149922205529,-1.4725510951464416,0.856698135821166,-0.7318696867447052,0
1.845982685672499,0.662704738810601,-1.4819812361516465,0.6340546850768238,-0.7038620450088793,1
-1.1309378950477293,-1.358195676847529,-0.09512183231950379,0.5572810813718778,1.5213450909024897,0
-0.5860100599328459,-0.13368654116402603,1.1326825265581835,-0.7593862221679388,-0.8102910836050179,0
-0.6263750847561632,-0.8380094650722022,0.5637306859108174,1.288549656661485,0.38563521851474886,1
0.7964920402660497,1.348613991505508,-0.591147249193284,-1.3745347218538153,-0.20672640419796923,0
1.6290206772471223,1.6340258953114426,0.059532480165858465,1.2520821949016356,-1.5062809807402917,0
1.2304160571168035,0.8054106907135683,0.686322518978482,0.2223562352090525,0.48226158250334833,0
-1.342854275370195,-1.4548674507172972,-1.91828242665913,0.7434570703563713,0.0887542161149943,0
1.164822891778902,1.0263747452729823,0.8742966630155667,-0.8755062977716691,0.3184168783487665,0
-0.25299860514039973,-0.2487719862470634,-1.0915733985361615,-0.4830012488301345,-0.6660517286655142,0
-0.9896603081661045,-1.2661273207811043,0.2519073566720391,-0.7104430498060362,-1.1645877515632157,0
0.23642732084240445,-0.2763924930669934,-0.5634855022446836,0.07456704807703235,-0.5876303318052017,0
0.23642732084240445,-0.14289337677066064,-0.24286070806771487,0.3029685190992457,0.40384018564303586,0
-0.2782267456549838,0.013622828542258667,-0.02722481708202691,-0.7507491917511322,0.49206425711088725,0
-0.1924510679054095,0.5844466361541282,0.5008630792094511,1.5774103406013427,-1.3774458287554927,1
-0.9745234238573427,-0.6676830063493048,-0.5999487141314759,1.5092737673132033,-0.2375348101073778,0
-1.040116589195244,-0.8241992116622503,0.7498188017468614,-0.23444670683537353,-1.1575858411292592,0
1.0639103297205945,0.6995320812371656,-0.14164386127851408,0.43348364539765316,1.0004029546161277,0
0.5896212880465237,0.13791510923195682,2.633332298519799,0.2175578849774937,-0.2991516219261949,0
-0.5456450351095,0.7409628414670737,-0.027853493149041432,-0.8793449779569164,0.5410776301485826,0
1.341419875380933,0.6765149922205529,1.3495757696778976,0.39605651359149213,0.07755115942066378,0
0.5795300318406729,0.9112893001899449,-1.7271649022869755,-0.4638078479038985,1.2132610318084045,0
-0.08649287774419094,0.11029460241202681,-0.2585776097430565,0.7329006998469407,-0.7724807672616528,0
0.22129043653367125,-0.5525975612662674,1.0182634823616963,-0.421582365866178,-1.2780187005933106,0
-1.6556832177509684,-1.892192142032834,-0.6420700106213917,-2.0750938556614438,-1.468470664396927,1
0.6804425938989803,0.9066858823866276,0.7561055624169981,0.14270362136517165,-0.6576494361447666,0
-0.33877428288997397,0.34967232818473615,-0.16930560822711588,-1.0453678959688613,1.5871630489816808,0
-1.37312804398769,-1.5515392245870392,0.32357642831159744,-0.0002872155352890257,0.31281535000160166,0
0.8419026931923067,1.0816157589128423,-0.22085704572223663,-1.3083174886582998,-0.9209212684615301,0
1.0689559578235057,1.2427353820291052,-1.1921615692583478,-1.3822120822243098,-1.2822198468536843,0
0.7359445030310594,0.8238243619268376,-0.8878823528237337,-0.6845319585556168,1.4779332462119597,1
0.5744844037377618,0.34046549257810155,1.0113480456245452,1.5236688180078803,-1.3480378049328754,1
-0.5860100599328459,-1.1096111154681851,1.2395574579505064,0.2578640269225903,-0.12690462525086532,0
0.7006251063106532,0.5568261293341982,-0.5345664031620542,-1.2939224379636225,-0.5134100812052631,0
-0.4396868449482815,-0.15670363018063874,-0.27240848321735595,-1.355341320927579,1.048015945567032,0
0.5694387756348507,0.4049133418245962,0.2167014969192745,0.6618851164198665,1.148843455816005,0
-0.8988390023136192,-0.2441685684437461,0.29717203349702326,0.4622737467870075,1.1796518617254135,1
-0.34886553909579615,-0.3914779381500308,3.14633196920295,-1.2948821080099342,0.9891998979217973,0
0.004328428108294389,-0.257978821853698,-1.0035587491542486,0.39605651359149213,1.4429236940421772,0
0.4382524449590481,-0.19813439041052067,-0.6244670807450079,-1.095270738377076,-0.28654818314507313,0
0.609803800458168,0.7547730948770256,0.6599181241639078,-0.24596274739111512,1.697793233838193,1
0.2868836018715725,0.7501696770737083,-2.018241921314302,2.658958482794763,-0.8831109521181651,0
1.8762564542899942,1.2979763956689652,-0.26612172254721933,2.234784322324939,-1.1799919545179198,1
1.4675605779538246,0.6719115744172356,1.7186086210149174,1.1628328805946364,1.5815615206345155,1
-0.364002423404558,-0.28099591087031073,-1.5222165044405216,0.46899143711119023,-1.062359859227451,0
0.8065832964718719,1.2243217108158098,-0.7841508017664792,-1.3783734020390626,-1.095969029310442,0
-1.1057097545331451,-0.7965787048423203,0.2632235258782848,-1.7632010906101026,0.5970929136202344,0
-0.05621910912669584,0.14712194483859145,1.2024655699966997,0.7645698113752313,0.2133882218394193,0
1.159777263675991,1.8273694430509266,-0.12278357926810415,0.36438740206320225,1.1684488050310833,0
0.22633606463658232,-0.12908312336070873,0.8617231416752934,-0.6682175677683158,0.5172711346731307,0
0.4937543540910986,0.9066858823866276,-0.4063164854912676,-0.17398749391772864,1.395310703091273,1
1.2657354538372096,1.5097336146217446,0.9880870311450408,0.4632334168333198,-1.549692825430822,0
0.3222029985919787,0.5614295471375155,0.09851039632070593,-1.3591800011128263,-0.7696800030880702,0
-2.9473640120973785,-2.2972929087251233,0.5348115868281881,-0.13080234183369716,1.2706766973668477,1
-0.6717857376823916,-0.8886470609087449,-0.5351950792290687,2.419040971216808,1.2566728764989348,1
-1.5244968870751658,-0.6400624995293748,1.714836564612836,-0.9858683530975283,-0.3467646128770988,0
2.7188763474769178,2.4856581889259037,-0.31515845577428625,0.8327063846633705,-1.0749632980085726,0
0.17587978360741424,0.47396460887440817,-0.5722869671828741,0.8643754961916604,0.665711635873008,0
-0.34381991099288506,-0.5295804722496809,0.07587805790821316,-0.8668692673548628,-0.23473404593379515,0
-1.0098428205777488,-1.5423323889804046,-0.9029705784320623,-0.5415411216551554,-0.5596226900693758,0
-1.6254094491334732,-1.2431102317644915,0.167664763692209,-0.5415411216551554,1.105431611125475,0
-0.13190353067041927,-0.3868745203467135,-1.133694695026076,-1.143254240692667,0.150371027933811,0
1.391876156410101,1.2611490532424006,0.9931164396811498,-0.7401928212417022,0.5662845077108261,0
-1.0502078454010662,-1.0773871908449377,-0.4534671905172924,2.0821967849613596,-0.9433273818501909,1
-0.7222420187115596,-1.2246965605512223,0.1682934397592221,1.1119703681401099,-0.15771303116027388,0
0.34238551100365167,0.4279304308412089,0.5524145167045703,-0.4244613760051136,1.5395500580307766,1
1.2001422884993083,0.6719115744172356,-0.3824267949447472,1.3691619405516775,-0.3019523860997773,0
0.3322942547978009,0.5844466361541282,-0.6722464618380473,0.2981701688676869,0.7581368536012335,0
0.8519939493981288,1.3394071558988472,0.3638116966004711,1.4238631331914513,0.9191807935822325,1
0.8166745526777226,0.3911030884146181,0.7655357034222031,0.9277137192482402,1.1334392528613009,0
1.2960092224547046,0.842238033140133,1.3087118253220096,2.701183964832483,-1.0063445757557992,1
-0.9745234238573427,-0.9945256703851477,0.13057287573840223,-0.4513321373018446,1.3434965658799953,0
2.310180471140748,1.942454888133964,-2.3759586034450773,1.1417201395757763,1.2902820465819258,1
-0.26308986134625056,0.13791510923195682,0.10291112878980044,-0.6979673392039824,-0.7864845881295658,0
-1.4084474407080965,-0.6170454105127883,-1.0727131165257517,-0.3860745741526409,1.2034583572008657,0
0.5240281227085937,-0.07384210972084869,-0.10958138186081778,1.8653113544948885,-0.054084756737718113,1
1.4877430903654976,1.4636994365885452,-0.5263936142908768,0.12063121030000008,1.379906500136569,0
0.6299863128698409,2.379779579449527,0.019925887943997904,-0.5261864009141667,1.5143431804685332,0
0.1506516430928589,0.4325338486445262,1.3948404465028803,-0.8352001558265726,0.9723953128803019,0
0.16074289929868102,-0.202737808213838,1.3187706423942276,0.4632334168333198,-0.9881396086275123,0
0.2868836018715725,0.6120671429740583,0.04381557849051686,-2.192173601311486,-0.257140159322456,1
0.2818379737686615,0.47396460887440817,-0.660301616564787,0.029462555900376924,-0.782283441869192,0
-1.060299101606917,-0.3776676847400527,-1.2166799358718798,-2.291979286127915,-0.4531936514732374,1
-0.005762828097527755,0.21617321188840338,1.3998698550389908,-1.1125447992106885,0.8505620713294589,0
-0.7020595062998867,-0.7091137665792129,-1.7787163397820962,-0.8294421355487017,-1.7135375295854036,0
0.8519939493981288,0.6120671429740583,-2.35584096930064,0.3346376306275356,0.3996390393826618,0
-0.4951887540803606,0.510791951300999,-0.13158504420629602,-0.5165897004510484,-1.6029073447288913,0
-0.6869226219911534,-0.3638574313301008,0.8441202117989111,-1.3428656103255252,1.1838530079857874,0
-0.01585408430337858,-0.00018742486769325717,-1.0563675387833955,-1.0472872360614849,-0.7388715971786617,0
-0.5153712664920336,-0.29940958208360613,1.0717009480578579,-2.1249966980696584,0.8281559579407982,1
1.4927887184684085,1.3025798134722826,-0.19256662270662175,-1.3543816508812672,1.1376403991216746,1
-1.4437668374285026,-1.385816183667459,-1.20976449913473,-0.3793568838284581,1.0942285544311445,1
-0.046127852920873694,0.5153953691043163,0.436738120374057,-2.0021589321417457,0.3716313976468359,1
0.614849428561079,0.13791510923195682,0.08845157924848644,-0.6394274663789614,1.3126881599705864,1
-1.1612116636652243,-0.3776676847400527,0.7196423505302059,1.7866184106973193,1.2860809003215523,1
1.5684731400121608,1.431475511965298,-2.6902966369519095,-0.31697833081819,0.9611922561859714,0
-1.4589037217372358,-0.9346812389419703,-1.5743966180026554,2.3883315297348306,0.5130699884127566,0
0.39788742013570216,0.036639917558871374,-0.7131104061939354,0.6139016141042756,0.6321024657900168,0
-0.5607819194182619,-0.19813439041052067,1.3049397689199267,-1.4551470057440083,1.220262942242361,1
1.0235453048972487,0.49237828008770357,-2.232620460165962,0.5755148122518029,-1.2444095305103196,0
-0.11676664636168606,0.4555509376611389,-0.6294964892811183,0.1782114130787094,0.7903456415974334,0
-0.6061925723444902,-0.8288026294655676,-0.5125627408165759,1.2492031847627,0.14476949958664614,0
-1.1057097545331451,-1.0773871908449377,1.450163940400084,0.49010417813005086,-0.2655424518432037,0
-0.030990968612111796,0.5568261293341982,-1.4750657994144967,-0.6096776949432947,1.631975275759002,1
0.31715737048906767,0.3588791637913708,-0.9419484945869083,-1.2756887070836977,-1.545491679170448,0
0.23642732084240445,1.1644772793726323,-0.0234527606799455,0.010269154974140937,0.6881177492616687,0
-0.18740543980249844,-0.078445527524166,0.41850651443066017,-0.3860745741526409,-0.24033557428096042,0
1.6290206772471223,1.5741814638682654,2.1102738107644314,1.2252114336049045,-0.1843202908093086,1
0.8570395775010399,0.8284277797301811,0.09976774845473212,1.9977458208859191,-0.35936805165822056,1
0.029556568622878428,-0.17511730139390796,1.1326825265581835,-0.5760892433223809,-0.07369010595279613,0
0.5442106351202667,0.21156979408508608,0.4455395853122474,-1.3236722093992888,1.5143431804685332,0
0.7308988749281484,0.7685833482870037,0.19218313030574105,1.1148493782790454,0.9920006620953801,0
-2.1249266313221282,-2.1039493609856135,0.9906017354130946,1.3941133617557846,1.48913630290629,1
0.9579521395593474,1.2841661422589872,0.5058924877455601,-0.11928630127795488,0.7203265372578687,0
0.25660983325407744,1.0862191767161857,0.24247721566683417,-1.243059925509096,-0.5400173408542976,0
0.3222029985919787,1.0585986698962557,1.1641163299088668,-0.8572725668917445,-1.7037348549778646,0
-0.11676664636168606,0.21156979408508608,0.7139842659270823,0.856698135821166,0.17137675923568044,0
1.583610024320894,1.3946481695387072,0.7812526050975447,1.3019850373098498,-0.21792946089229956,1
0.07496722154910676,-0.03701476729425789,0.3801572743428272,-2.6029123811329447,-0.19832411167722153,1
-0.8282002088727781,-0.7045103487758956,-1.8227236644730527,-0.2171726460017608,0.9765964591406755,0
-0.2782267456549838,-0.3638574313301008,1.2395574579505064,0.30200884905293407,-0.030278261262266043,0
-1.7111851268830187,-1.4778845397339098,-0.4603826272544421,-0.34288942206860873,-0.11430118646974378,0
0.15569727119576995,0.5936534717607629,0.25002132847099845,0.29241214858981573,0.3394226096506359,0
-1.4891774903547308,-1.767899861343162,1.5733844495347615,0.22811425548692366,-0.46579709025435895,0
-0.06126473722960691,-0.6216488283161056,-0.32836065318157265,-0.9868280231438402,1.6949924696646104,0
-0.6415119690649251,-0.43751211618323005,-1.4574628695381129,0.627336994752641,1.678187884623115,1
-1.0098428205777488,-1.4318503617006844,0.04318690242350234,0.12830857067049448,1.3981114672648558,0
0.4029330482386419,0.29443131454487614,-0.8092978444470258,-1.5971781725981575,0.21058745766583686,1
-0.20254232411126033,0.14712194483859145,0.8629804938093211,0.7568924510047362,0.5746868002315738,0
1.341419875380933,0.7593765126803429,-0.9400624663858677,-1.243059925509096,-1.4194572913592316,0
0.30202048618030575,-0.5433907256596328,0.6247122644111417,-1.9109902777421226,-0.7066628091824618,1
-0.5355537789036778,-0.15670363018063874,1.695976282602426,-1.4052441633357937,-0.18011914454893474,0
1.124457866955556,2.0437300798070495,-0.64521339095646,-0.8150470848540242,-0.3733718725261335,0
-0.7020595062998867,-0.6170454105127883,0.5096645441476415,-0.7114027198523478,-0.8761090416842087,0
0.665305709590247,0.952720060419853,0.02432662041309241,-0.09241553998122382,1.5563546430722721,0
-0.6970138781969756,-0.46513262300316005,0.529153502225066,-0.36304249304115704,1.2972839570158823,0
-0.14704041497918116,0.08267409559209679,-1.497698137826988,0.44116100576814754,0.35902795886571415,0
-0.7071051344028264,-0.8103889582522722,0.2305323703935754,-0.2862688893362117,-1.2752179364197278,0
2.1840397685678563,2.246280463153194,-1.072084440458737,-0.7555475419826917,-1.5847023776006044,0
-0.8080176964611339,-0.16591046578727336,0.25442206094009434,-0.4187033557272431,-0.7906857343899396,0
-0.787835184049461,-0.5019599654297509,-0.6860773353123482,0.4114112343324816,-0.6674521107523056,0
2.138629115641628,1.3946481695387072,-1.5423341385849576,-0.22197099623331962,1.6935920875778192,0
0.8519939493981288,0.48317144448106897,1.674601296323961,0.867254506330596,-0.9433273818501909,1
2.597781273006937,2.1127813468568615,-1.0846579617990104,0.9718585413785841,-0.7192662479635836,0
1.0689559578235057,1.7859386828210446,-0.733228040338373,-1.0165777945795065,-1.6687253028080822,0
0.17587978360741424,0.28522447893824154,-0.4704414443266602,0.5121765891952224,1.4821343924723336,1
-0.818108952666956,-1.0773871908449377,-0.141015185211501,-0.10009290035171889,-1.6435184252458388,0
-0.0007171999946166832,-0.07384210972084869,-1.7227641698178795,-0.2574787879468574,-1.3116278706763016,0
-0.6061925723444902,-0.2625822396570153,-1.24748506315555,0.7780051920235967,0.0355396968169249,0
1.4271955531305072,1.1828909505859277,-0.20702617224793574,0.5064185689173513,-1.3718443004083274,0
-0.1722685554937652,-0.42830528057659545,0.2487639763369708,0.3826211329431266,0.6265009374428516,0
-1.6052269367218002,-1.358195676847529,0.3047161463011875,1.1206073985569165,-0.4419905947789069,0
-0.5809644318299348,-0.078445527524166,-1.4725510951464416,0.6225386445210815,0.09715650863574199,0
-0.37409367961038015,-0.21654806162381607,0.5128079244827098,0.3451940011369656,-1.3242313094574232,0
0.6905338501048311,1.0079610740597131,-0.6420700106213917,0.4123709043787932,-0.23473404593379515,0
-0.1268579025675082,-0.3454437601168054,-1.8340398336792985,-0.9350058406430017,-0.167515705767813,0
-0.010808456200467508,-0.7965787048423203,0.06267586050092679,-2.217125022515593,0.031338550556551055,1
1.3969217845130122,1.50052677901511,0.0645618887019675,-0.221011326187008,-1.3858481212762404,0
0.06487596534328462,-0.004790842671010566,-0.36042313259926895,-1.2920030978709989,0.13076567871873318,0
0.7409901311339705,0.7685833482870037,-2.2037013610833327,-1.882200176352768,-0.2221306071526736,1
-0.7373789030203215,-0.1244797055573914,-1.6064590974203516,-0.5693715529981989,-0.6212395018881929,0
-0.21263358031708246,-0.078445527524166,-0.581088432121066,-1.8063862426941344,1.2566728764989348,1
0.3575223953123849,0.15632878044522605,-0.2491474687378515,0.7204249892448875,-1.2808194647668931,0
-0.84333709318154,-1.261523902977787,0.04570160669155757,-1.3802927421316862,-0.6604502003183491,0
0.17083415550450315,0.7225491702537783,-1.1657571744437736,1.6042811018980736,-1.5034802165667092,0
0.044693452931611644,-0.5710112324795628,-2.201186656815279,-0.22868868655750238,1.603967634023176,0
1.1749141479847243,0.9849439850431003,1.0038039328203825,-1.5703074113014266,1.540950440117568,0
-1.1258922669448181,-0.6216488283161056,-1.1770733436500194,0.8595771459601009,-1.4796737210912572,0
-1.347899903473106,-1.040559848418347,-0.23154453886146778,1.468007955321795,-1.3830473571026578,0
0.3575223953123849,0.2437937187083334,0.9918590875471222,-0.30546229026244837,-0.3103546786205252,0
-0.838291465078629,-0.7045103487758956,1.0849031454651443,-0.023319296646772892,1.452726368649716,1
-0.39427619202205316,0.04124333536218868,0.07650673397522768,-1.9426593892704125,1.498938977513829,1
-1.282306738135205,-1.795520368163092,-2.410535787130829,0.9104396584146275,0.651707815005095,0
2.113400975127044,1.2611490532424006,0.24059118746579347,2.5226853362184847,0.4892634929373048,1
-0.7827895559465499,-0.5894249036928582,0.6423151942875255,-0.661499877444133,0.020135493862220726,0
0.9579521395593474,0.16093219824854335,0.04947366309363898,-1.1298188600443013,1.3252915987517082,1
0.4987999821940383,-0.018601096080988658,0.33929332998693906,0.8528594556359181,-1.6015069626421,0
-0.06126473722960691,-0.013997678277671349,-1.516558419837398,0.16861471261559108,-1.3214305452838409,0
0.3726592796211468,-0.2763924930669934,-1.2518857956246459,0.7367393800321885,0.5718860360579914,0
-0.6768313657853313,-0.7965787048423203,0.4530836981164117,-0.22772901651119076,1.1460426916424227,1
1.1749141479847243,1.1736841149792931,0.17960960896546777,-1.665314745886297,-0.08069201638675261,0
-0.09153850584710202,0.17013903385520415,0.5335542346941604,1.4689676253681068,-1.0273503070576686,1
1.891393338598756,2.3475556548262535,0.33049186504874717,-0.054988408175062786,1.063420148521736,0
-0.7373789030203215,0.2530005543149942,0.7001533924527814,-2.1393917487643357,1.25107134815177,1
-0.2681354894491616,0.00901941073894136,-0.5628568261776691,-0.7401928212417022,1.1684488050310833,1
-0.24795297703748864,-0.7459411090057775,0.22361693365642424,-0.030036986970955658,-0.19272258333005626,0
-0.08144724964127988,-0.40989160936330005,-0.7872941821015476,-0.613516375128542,-0.33276079200918585,0
0.61989505666399,0.7916004373035903,-0.22902983459341397,-0.4676465280891457,0.3716313976468359,0
0.7258532468252373,1.3440105737021906,-0.2755518635524243,-2.4013816714074627,0.008932437167890201,1
-0.29840925806665675,-0.28099591087031073,0.2581941173421758,-1.4311552545862127,-0.7108639554428358,0
-0.8937933742107081,-1.3351785878309426,-0.6395553063533365,1.9718347296355005,-1.2906221393744322,1
0.30202048618030575,-0.3454437601168054,0.9340208893818648,-0.3688005133190282,-0.8915132446389129,0
-0.25299860514039973,-1.2477136495678351,-0.45158116231625023,-0.06746411877711668,-1.0441548920991641,0
-0.3034548861695678,0.21617321188840338,0.35501023166228063,0.02754321580775367,0.11256071159044617,0
0.4987999821940383,0.47856802667772547,0.06519056476898058,-0.7574668820753149,1.631975275759002,1
-0.13694915877335903,0.27141422552826344,-0.5534266851724642,-1.168205661896774,-0.3439638487035162,0
0.054784709137462466,0.5292056225142682,0.9245907483766599,2.5927412495992477,0.08595345194141148,1
0.38275053582696894,1.1046328479294552,0.2745396950845319,1.011205013277369,1.588563431068472,1
0.8065832964718719,0.8238243619268376,0.5561865731066532,0.35766971173901946,-0.6968601345749228,0
-0.21263358031708246,-0.0646352741141879,2.982876191779397,-0.020440286507837323,-0.8915132446389129,0
0.3676136515182071,0.9895474028464177,1.6129910417566222,-2.696000375625191,-1.0679613875746161,1
-0.5809644318299348,0.013622828542258667,0.16137800302207236,-0.6020003345728003,-0.8467010178615915,0
0.7409901311339705,0.2391903009050161,0.34180803425499284,-0.47340454836701684,-1.3578404795404144,0
0.19101666791617614,0.17474245165852145,-0.2566915815420143,0.06209133747497913,-0.39717836800158557,0
0.4937543540910986,0.30824156795485425,-0.8319301828595171,-0.06938345886974062,0.057945810205585556,0
0.06487596534328462,0.22538004749506418,0.1563485944859619,-0.450372467255533,1.1796518617254135,1
-0.5153712664920336,-0.9254744033353095,1.1395979632953332,0.5448053707698246,1.6795882667099062,1
-1.4589037217372358,-0.6262522461194229,0.16515005942415376,1.1705102409651307,0.8799700951520765,0
1.7904807765404487,1.3716310805220944,1.155943541037688,-0.08281883951810616,0.09715650863574199,0
-0.4396868449482815,0.055053588772166775,-0.3585371043982282,0.6868365376239737,1.6305748936722109,1
-0.4800518697715987,0.14251852703527412,1.4168441088483585,0.2991298389139985,1.4555271328232988,1
0.9125414866331191,0.4555509376611389,0.23744780713072514,1.430580823515634,1.4597282790836725,1
0.4887087259881875,0.34506891038141885,1.401127207173017,0.9958502925363795,0.5830890927523215,1
-2.518485623349536,-1.1832658003213143,0.40216093668830544,0.06976869784547352,-0.2207302250658822,0
-0.5002343821832717,-0.3500471779201227,0.009238394804765326,1.5323058484246872,-1.6435184252458388,1
0.25660983325407744,0.5153953691043163,-1.2512571195576314,-0.24596274739111512,0.017334729688638095,0
0.8166745526777226,0.4187235952345481,-1.016132270494522,0.25978336701521354,-0.09609621934145698,0
0.18092541171035398,-0.18892755480388607,0.5863630243233088,-0.32849437137393156,1.3687034434422383,1
2.4363211737136394,1.4176652585553198,1.0094620174235045,-0.12024597132426651,-1.553893971691196,0
1.2808723381459428,1.72149083357455,-0.4603826272544421,0.8480611054043593,1.68378941297028,1
0.5593475194290285,-0.2671856574603326,0.14503242527971622,0.6282966647989527,1.30568624953663,0
-1.0199340767835996,-0.9623017457619003,1.186119992254345,-1.0626419568024739,-0.32575888157522936,0
0.03964782482870057,0.690325245630531,1.909726145387072,-1.3774137319927509,1.0788243514764402,0
0.7763095278543767,0.5706363827441763,0.027470000748160733,-1.051125916246732,1.209059885548031,0
-0.6314207128590743,-0.49275312982309005,1.1081641599446501,-0.7900956636499171,0.3730317797336271,0
0.407978676341553,-0.14289337677066064,-1.7233928458848942,-0.5396217815625322,1.2580732585857264,1
2.2042222809795295,1.9930924839705066,0.9937451157481629,0.6263773247063288,1.4331210194346382,0
0.2767923456657504,0.9297029714032403,0.5014917552764642,-0.9503605613839908,0.7735410565559376,0
0.11028661826951294,-0.29480616428026263,-0.615036939739803,-0.7526685318437562,0.6867173671748774,0
-0.5860100599328459,-0.7275274377924821,1.848115890819733,-1.0060214240700767,1.4723317178647943,0
0.609803800458168,0.9481166426165357,-0.37425400607356984,0.09759912918851621,0.06914886689991608,0
-0.38418493581620233,-0.7275274377924821,1.16474500597588,0.45459638641651307,-1.1015705576576074,0
0.7308988749281484,0.27601764333158074,-0.8734228032824198,0.31640389974761124,0.20918707557904567,0
-0.8837021180048573,-0.33623692451017073,-0.7225405471991404,-1.1144641393033121,1.0354125067859101,0
-1.282306738135205,-0.6216488283161056,0.13748831247555196,2.262614753667982,-0.3817741650468812,1
0.14056038688700806,0.22998346529838148,1.2030942460637128,2.333630337095056,-0.6996608987485053,1
-0.8534283493873622,-0.46052920519984275,0.9767708619387937,-0.897578708836841,-0.8663063670766695,0
-1.7010938706771968,-1.8875887242295166,-0.5735443193169016,-0.9858683530975283,1.4555271328232988,0
0.38275053582696894,-0.16591046578727336,-0.9268602689785812,0.502579888732104,1.4345214015214296,1
0.2818379737686615,0.9066858823866276,0.15697727055297642,-1.0971900784696995,-0.010672912047187821,0
1.5079256027771704,1.3071832312755998,1.3828956012296216,-2.696000375625191,-0.9685342594124342,1
0.17587978360741424,0.635084231990671,-0.4849009938679756,0.379742122804191,-0.6660517286655142,0
0.4937543540910986,0.8790653755666976,-0.07563287424207935,0.41812892465666435,-1.408254234664901,0
-0.9694777957544316,-1.1694555469113623,-0.42077603503258154,1.562055619860353,0.9793972233142584,0
-0.8584739774902733,-0.5986317392994929,0.7139842659270823,-1.4474696453735134,-1.6085088730760564,0
-0.84333709318154,-1.0221461772050777,1.3489470936108832,-0.10009290035171889,-1.6659245386344994,0
-1.0047971924748378,-0.07384210972084869,1.7714174106440659,-1.9522560897335308,-1.6337157506382998,0
-1.0552534735040058,-1.2431102317644915,0.03312808535128428,1.3797183110611075,-0.328559645748812,0
0.655214453384425,0.055053588772166775,-0.174963692830238,-1.302559468380429,0.522872663020296,0
-0.32868302668415184,0.2576039721183115,-1.9893228222316737,-0.8678289374011744,-0.6478467615372274,0
0.1960622960190872,0.14251852703527412,-0.7131104061939354,-0.8822239880958519,-1.5300874762157437,0
-1.3579911596789283,-1.9290194844593986,0.35626758379630824,-1.534799619587889,1.540950440117568,1
-0.020899712406289652,0.2530005543149942,0.7498188017468614,1.0083260031384333,-0.5666246005033323,0
1.8005720327462709,1.55576779265497,0.8315466904586378,-0.6125567050822304,-0.9391262355898169,0
-0.34886553909579615,-0.29480616428026263,0.5360689389622156,-0.4359774165608558,-1.5566947358647785,0
1.4927887184684085,0.7962038551069076,1.7054064236076312,-0.21525330590913686,-0.451793269386446,0
0.17083415550450315,-0.08765236313080062,-0.09386448018547618,0.46995110715750255,0.9009758264539459,0
-0.25299860514039973,-1.0773871908449377,-0.034140253819178075,0.8115936436445099,-0.8326971969936785,0
-0.5860100599328459,-0.30401299988692343,-1.530389293311699,-0.6787739382777457,-1.4166565271856488,0
-1.1057097545331451,-1.0911974442548897,-0.8212426897202859,-1.6681937560252322,1.5493527326383156,1
0.640077569075663,0.8284277797301811,0.17772358076442704,-0.5146703603584251,0.5900910031862779,0
-1.7565957798092757,-2.0256912583291666,-0.8759375075504736,0.10335714946638735,-0.5946322422391582,0
-1.1410291512535515,-1.3259717522242818,-0.5785737278530108,0.8192710040150051,-1.7023344728910732,0
0.61989505666399,0.7823936016969556,0.1990985670428922,0.5467247108624479,1.3897091747441077,1
-1.7313676392946917,-1.4456606151106364,-1.5241025326415623,-1.5136868785690292,-0.10729927603578732,1
-0.1924510679054095,0.869858539960063,0.7221570547982596,-0.4417354368387263,0.9527899636652236,0
0.8419026931923067,0.2530005543149942,0.42542195116781134,1.803892471530932,1.612369926543924,1
1.1547316355730513,1.914834381314034,0.9082451706343051,0.3720647624336966,1.5479523505515245,0
-0.21263358031708246,-0.2487719862470634,0.7906827461027497,0.4152499145177288,-1.1407812560877635,0
-0.39427619202205316,0.5476192937275636,-1.3895658543006375,0.033301236085624124,-0.38037378296009,0
-0.5607819194182619,-0.7183206021858475,1.1760611751821255,0.24442864627422475,-1.0637602413142424,0
0.9529065114564363,1.0079610740597131,1.4589654053382743,0.08128473840121511,-0.5946322422391582,0
0.8519939493981288,0.3542757459880535,-0.8715367750813791,-0.19414056489027692,-1.1603866053028418,0
0.614849428561079,1.1920977861925623,-0.19633867910870315,-0.2046969353997069,0.87296818471812,0
-0.4195043325366085,0.0918809311987314,1.2722486134352158,0.06017199738235519,1.0144067754840407,0
-1.045162217298155,-0.4237018627732781,-1.7227641698178795,-0.6432661465642086,0.7021215701295817,0
-1.2066223165914527,-1.3397820056342598,0.6473446028236345,-0.8870223383274107,1.4975385954270377,0
1.144640379367229,1.0539952520929123,1.6469395493753607,-0.20661627549233083,-0.9461281460237734,0
-1.6254094491334732,-1.2292999783545397,0.42164989476572845,1.4881610262943434,0.8575639817634154,1
-1.8070520608384153,-1.5745563136036518,0.42542195116781134,-0.8352001558265726,-1.2612141155518148,0
1.2657354538372096,0.7317560058604129,-2.4828335348374,0.30872653937711686,0.272204269484654,0
-1.4790862341489088,-1.6758315052767112,-0.18250780563440225,-2.5539692087710417,-0.5540211617222105,1
0.19101666791617614,0.045846753165505995,2.5842955652927335,0.14750197159673115,0.7343303581257816,0
0.4533893292677813,0.4141201774312308,-0.9545220159271817,-0.9417235309671845,1.2272648526763175,1
0.8318114369864559,0.6442910675973056,1.5168036035035317,-0.15863277317673985,-0.21512869671871712,0
-0.8282002088727781,-0.5572009790696109,0.617796827673992,-0.36304249304115704,-0.7066628091824618,0
1.2909635943517936,1.4867165256051318,-0.38179811887773407,1.0476724750372177,1.0648205306085272,0
0.5643931475319396,0.27141422552826344,-0.7464302377456593,-1.4253972343083419,-1.2164018887744936,0
0.17587978360741424,0.6442910675973056,-1.561823096662382,-0.8150470848540242,1.3448969479667865,1
-0.9543409114456697,-1.2937478276010344,-1.1632424701757185,-0.7296364507322722,1.5185443267289072,0
1.6643400739675571,1.1092362657327723,-0.3849414992128024,-0.08857685979597661,0.8911731518464066,0
0.2868836018715725,1.1598738615693152,1.0427818489752285,0.5361683403530179,1.5283470013364462,1
1.1749141479847243,1.5097336146217446,0.5121792484156967,-0.6355887861937142,-0.7626780926541137,0
-1.2318504571060367,-1.3351785878309426,-0.29881287803193013,-0.41294533544937195,-1.6141104014232215,0
0.11533224637242401,0.7962038551069076,1.3294581355334603,1.201219682447109,-0.5736265109372888,1
1.0840928421322389,0.44634410205447816,1.2181824716720413,0.29241214858981573,1.2328663810234828,0
1.0134540486914265,1.7721284294110666,0.33929332998693906,-1.375494391900127,1.2734774615404305,0
0.8318114369864559,1.077012341109525,-0.048599803360492064,0.33655697072015955,0.9359853786237282,0
0.35247676720947385,0.8100141085168857,-1.4618636020072089,0.9190766888314342,0.3716313976468359,0
0.2868836018715725,0.4371372664478435,-1.2984078245836563,-1.9013935772790043,0.2638019769639063,1
-0.6061925723444902,-0.7643547802190729,-0.7093383497918526,-1.568388071208803,-0.6142375914542364,0
-0.7575614154319658,-0.8288026294655676,-0.2566915815420143,-0.8937400286515935,0.6545085791786774,0
0.7006251063106532,0.952720060419853,-0.2026254397788398,-0.31122031054031885,-0.034479407522639886,0
1.0740015859264167,1.2703558888490352,0.06581924083599511,0.6657237966051137,0.31561611417518404,0
-0.4497781011541036,0.02743308195223676,0.9591679320624114,-0.17494716396404025,0.5270738092806696,0
-0.20254232411126033,-0.21654806162381607,-1.2198233162069483,0.19164679372707494,-1.5847023776006044,0
-0.3993218201249642,-0.6124419927094448,-1.031220496102849,0.11007483979057012,1.129238106600927,1
-1.766687036015098,-1.2292999783545397,-0.04985715549451968,0.4507577062312659,1.0004029546161277,0
-2.700128235054507,-2.209827970462016,-0.831301506792504,0.36150839192426665,0.9345849965369366,0
-1.2469873414147987,-1.5607460601936738,-0.8539338452049954,1.1954616621692378,-1.105771703917981,0
-1.4437668374285026,-1.7172622655066192,-1.5611944205953676,1.2127357230028506,1.4863355387327073,1
1.5180168589829925,1.5971985528848518,-0.5125627408165759,0.42964496521240597,0.6671120179597992,0
-0.11172101825877499,0.10108776680536602,1.2326420212133553,-1.1384558904611077,1.323891216664917,0
-1.5547706556926322,-1.1970760537312923,-0.8011250555758485,1.7626266595395237,-1.25561258720465,0
-0.591055688035757,-0.5894249036928582,-0.42140471109959465,0.011228825020452566,-1.5608958821251524,0
-2.018968441160881,-1.6251939094401946,0.020554564011010995,0.6705221468366726,-1.6183115476835954,0
1.886347710495845,1.1460636081593631,-0.2177136653871683,-0.1567134330841159,-0.9209212684615301,0
-0.37409367961038015,-0.7413376912024602,1.3891823618997583,-1.0962304084233874,-0.0974966014282482,0
1.6542488177617063,2.2278667919398987,-1.3430438253416273,2.8077073399730947,-1.3844477391894492,1
-2.4125274331883175,-1.6205904916368772,1.1616016256408115,1.3797183110611075,-0.18712105498289122,1
-0.7222420187115596,-1.302954663207669,-0.20891220044897643,0.6935542279481565,-0.3033527681865687,0
0.6299863128698409,0.20696637628176878,0.04821631095961279,-0.9129334295778302,1.4429236940421772,0
-0.16217729928791438,-0.1014626165407787,0.6039659541996911,-0.9263688102261953,-1.4992790703063352,0
-2.579033160584526,-1.9106058132461294,0.7064401531229181,-0.8783853079106044,-0.5918314780655756,0
1.7652526360258647,1.8365762786575874,-0.44277969737805983,-0.30450262021613606,-1.1953961574726242,0
-0.06126473722960691,0.2207766296917207,-0.5389671356311502,0.8202306740613167,-1.4992790703063352,0
-0.7071051344028264,-0.9484914923519222,0.4926902903382723,-0.35728447276328656,-1.6659245386344994,0
-0.2782267456549838,0.018226246345575976,-0.49118775453811225,-0.8591919069843681,-0.6744540211862621,0
-0.364002423404558,-0.3914779381500308,-2.507351901450932,-1.088553048052893,-0.5022070245109328,1
-0.364002423404558,-0.13828995896734333,-0.7571177308848919,1.768384679817395,1.6571821533212456,1
-1.6052269367218002,-1.413436690487389,1.8066232703968303,-2.696000375625191,1.2146614138951959,1
-0.1419947868762701,0.13791510923195682,0.9271054526447151,-0.9100544194388946,0.7007211880427904,0
0.862085205603951,-0.09685919873746139,0.031242057150243575,1.2587998852258184,0.0705492489867073,0
-0.7071051344028264,-0.48354629421645545,-0.9149154237053211,-0.5636135327203277,0.9793972233142584,0
-0.8786564899019462,-1.095800862058207,0.9000723817631278,-0.8275227954560782,-1.350838569106458,0
0.6047581723552569,1.1690806971759498,0.881840775819731,1.2741546059668072,-0.32435849948843815,1
-1.5951356805159782,-2.3111031621351015,0.45622707845148003,-1.4205988840767827,-0.33276079200918585,0
-0.19749669600832057,-0.40989160936330005,-0.45661057085236073,-0.6490241668420798,-0.8046895552578526,0
1.2909635943517936,1.2059080396025406,1.6777446766590294,-0.053069068082439524,-0.4433909768656983,0
0.06992159344619568,-0.5710112324795628,-2.106256570696215,-0.38799391424526486,-1.360641243713997,0
0.049739081034522716,0.47856802667772547,-1.19781965386147,-1.2680113467132035,0.84075939672192,0
0.7409901311339705,0.7962038551069076,0.5913924328594178,-1.5837427919497922,-1.4810741031780483,0
-0.7726982997407277,-1.5239187177671092,0.3399220060539521,0.774166511838349,1.4107149060459772,0
-1.9079646228967513,-2.5458774701044935,0.29025659675987353,-0.4551708174870918,-1.128177817306642,0
0.17587978360741424,0.2391903009050161,0.27768307541960024,-0.11544762109270768,0.8911731518464066,0
0.3070661142832455,0.0918809311987314,0.12868684753736154,1.2482435147163884,-0.8214941402993482,0
-0.12181227446459714,-0.4006847737566654,0.41662048622961945,1.590845721249708,0.522872663020296,1
-0.9947059362690156,-0.15670363018063874,-0.5880038688582157,0.4238869449345348,0.9990025725293366,0
-0.45986935735995443,-0.16130704798395604,1.0729583001918854,1.9679960494502533,0.562083361450452,1
-2.24602170579208,-1.6067802382268992,1.1590869213727564,-0.018520946415214064,-1.5720989388194826,0
0.5492562632231777,0.3588791637913708,2.117189247501581,0.7655294814215429,-0.2039256400243866,1
-0.9543409114456697,-0.33163350670685343,0.44994031778134336,1.2952673469856677,-0.28374741897149053,1
-1.6102725648247114,-1.6205904916368772,0.3996462324202502,-0.9023770590683998,-1.5692981746459,0
0.19101666791617614,-0.3960813559533481,1.1999508657286444,0.5659181117886846,1.3981114672648558,1
0.5391650070173556,0.02282966414891945,0.21984487725434285,-1.8774018261212089,-0.3579676695714291,1
-0.22272483652290462,-0.13828995896734333,-0.6879633635133888,0.8211903441076283,-0.21932984297909097,0
0.47357184167945426,0.12410485582197874,-0.8388456195966683,-1.077996677543463,-1.6197119297703868,0
0.019465312417027605,-0.11527286995073063,-0.6112648833377216,0.7780051920235967,0.9191807935822325,0
-0.23281609272875545,-0.46973604080650355,-0.027853493149041432,-0.7939343438351644,-1.4852752494384223,0
0.0346021967257895,0.4233270130378916,2.1976597840793297,1.734796228196481,-0.5596226900693758,1
-1.2066223165914527,-1.123421368878137,-1.20976449913473,-0.7152414000375951,0.10415841906969847,0
0.38779616392988003,0.28982789674155884,-0.31515845577428625,-0.7401928212417022,1.64037756827975,0
-0.09658413395001308,-0.29940958208360613,-2.072308063077478,-1.0636016268487856,0.25119853818278454,0
0.8772220899127129,1.50052677901511,0.43170871183794796,-0.39950995480100643,0.3212176425223493,0
1.7854351484375088,1.942454888133964,-1.328584275800312,0.237710955950042,-0.6492471436240188,0
0.5543018913260888,0.4003099240212789,-0.43397823243986794,0.9862535920732611,1.4583278969968814,1
0.5038456102969494,1.0125644918630303,-0.028482169216054527,1.9574396789408233,-0.8635056029030871,1
-0.4195043325366085,-0.14749679457397796,-0.3189305121763677,0.008349814881516999,-0.6506475257108101,0
1.4877430903654976,1.4176652585553198,1.1867486683213582,0.6618851164198665,1.512942798381742,0
0.12542350257827484,-0.2349617328370853,-0.37676871034162507,1.2079373727712919,0.8925735339331978,0
-0.9341583990340254,-1.6988485942933238,0.5480137842354759,-1.87260347588965,0.8393590146351287,1
0.4685262135765432,0.7639799304836602,-0.6735038139720748,-0.05786741831399835,-1.2878213752008496,0
-0.813063324564045,-1.6436075806534638,-0.9381764381848269,0.7367393800321885,0.25119853818278454,0
0.08001284965201783,-0.5341838900529982,-0.38682752741384313,-0.17014881373248145,-0.1339065356848218,0
0.17083415550450315,0.00901941073894136,-0.7784927171633557,-2.0309490335311002,-1.4516660793554312,1
-1.564861911898483,-1.3904196014708026,-0.7143677583279631,-1.7737574611195324,1.3757053538761947,1
0.4584349573706924,1.0539952520929123,-0.5584560937085732,1.8653113544948885,-1.630914986464717,1
-0.818108952666956,-0.6953035131692348,-0.025967464948000726,1.0371161045277877,0.41084209607699235,0
1.815708917055004,1.320993484685578,-0.5301656706929583,0.3720647624336966,1.2034583572008657,1
-2.084561606498782,-1.6251939094401946,0.7171276462621506,0.9142783385998747,-0.7402719792654531,0
-1.1410291512535515,-0.5664078146762455,0.6567747438288395,0.3154442297012996,-1.2808194647668931,0
0.24147294894531554,-0.30861641769024073,0.7303298436694384,-0.6960479991113584,1.323891216664917,0
0.4937543540910986,1.1184431013394331,-0.35979445653225584,-0.047311047804568386,-0.8312968149068872,0
0.6703513376931581,0.32205182136480615,-0.5704009389818334,1.3250171184213337,1.0032037187897103,0
-1.6102725648247114,-0.8610265540888149,-0.14730194588163764,0.07360737803072072,-0.37057110835255086,0
0.29697485807739465,-0.013997678277671349,-0.5647428543787099,0.9421087699429174,0.7749414386427292,0
-0.34886553909579615,0.3911030884146181,0.37009845727060775,-0.556895842396145,1.119435431993388,0
0.6753969657960692,1.0309781630763257,-0.2007394115777991,0.18396943335657986,-0.5470192512882541,0
-0.2832723737578948,0.05965700657548408,-0.030368197417095233,-0.5847262737391876,1.6095691623703414,0
-0.9392040271369365,-0.7735616158257076,-0.9828124389427965,-0.21525330590913686,-0.23193328176021252,0
-0.6869226219911534,-0.05082502070423598,1.4294176301886319,0.7684084915604784,-1.3032255781555537,0
0.5543018913260888,0.4325338486445262,-0.8231287179213267,0.3739841025263206,1.6543813891476629,1
1.4070130407188344,1.845783114264222,1.2188111477390544,0.012188495066764195,1.2580732585857264,1
0.15569727119576995,0.6488944854006229,-0.1592467911548964,1.5207898078689448,0.651707815005095,0
0.9579521395593474,-0.12908312336070873,-0.35602240013017444,1.3528475497643764,-0.8929136267257042,0
-1.262124225723532,-1.3075580810110126,2.2278362352959853,-1.5165658887079647,0.3310203171298882,0
-1.4538580936343246,-1.151041875698067,-1.4788378558165782,-0.573210233183446,0.14476949958664614,0
1.866165198084172,1.6202156419014646,-0.22525777819133114,-1.642282664774813,0.25960083070353224,0
0.4937543540910986,0.6120671429740583,-2.7236164685036335,0.11487319002212895,1.452726368649716,0
-0.5607819194182619,-0.09225578093411792,-0.9740109740046061,-0.5693715529981989,0.32681917086951456,0
0.8015376683689608,0.7962038551069076,-0.7967243231067525,0.961302170869154,-0.7920861164767309,0
-0.4649149854628655,-0.791975287039003,-1.3776210090273788,-1.1547702812484086,0.8687670384577459,0
-0.616283828550341,-0.6032351571028102,-0.317044483975327,-0.8956593687442171,-0.7458735076126182,0
0.7359445030310594,0.4555509376611389,0.3380359778529114,-0.0319563270635796,-0.7934864985635223,0
0.024510940519967356,-0.5986317392994929,0.691351927514591,-1.1826007125914515,1.6767875025363235,0
0.33733988290074063,0.7547730948770256,0.6052233063337187,0.5438457007235123,1.6193718369778805,0
0.6804425938989803,0.49698169789102087,-0.6326398696161867,1.2895093267077966,0.8827708593256589,0
1.3515111315867838,0.5982568895641063,0.5775615593851169,-2.2938986262205385,-0.5344158125071325,1
1.603792536732567,0.6673081566139183,0.4247932751007968,0.5592004214645018,0.2035855472318804,0
-0.33877428288997397,-1.123421368878137,-1.5750252940696685,-0.13080234183369716,0.6040948240541909,1
0.7662182716485546,0.8238243619268376,-1.1751873154489787,-1.2708903568521386,0.8309567221143811,0
-1.0199340767835996,-1.4778845397339098,-0.23657394739757823,0.21563854488487044,1.4065137597856037,1
-0.7525157873290548,-0.7413376912024602,0.20727135591406956,-0.8687886074474864,1.5437512042911503,0
1.0134540486914265,1.8411796964609046,0.3229477522445829,0.5812728325296733,1.3939103210044819,0
-0.15713167118500332,-0.32703008890353613,0.0639332126349544,0.5659181117886846,1.5913641952420545,1
0.5290737508115334,0.8928756289766757,-0.8935404374268573,-0.2805108690583406,1.1418415453820485,1
-1.1662572917681355,-1.2016794715346097,-0.5496546287703827,0.24826732645947194,-1.539890150823283,0
1.341419875380933,0.9573234782231703,-0.6068641508686256,-0.27091416859522227,-1.024549542884086,0
0.26670108945989957,-0.2211514794271334,-1.0463087217111775,-0.2997042699845773,-1.095969029310442,0
0.5240281227085937,1.8503865320675392,1.1106788642127052,-0.08089949942548222,-1.563696646298735,0
-0.8080176964611339,-0.9346812389419703,1.8977813001138117,0.002591794603645861,0.9681941666199279,0
0.014419684314116532,-0.29940958208360613,0.862351817742308,0.14174395131886,1.5353489117704027,0
0.1001953620636908,0.49237828008770357,1.7512997764996283,0.5841518426686089,0.09995727280932443,0
0.9327239990447633,0.6811184100238702,-0.6018347423325165,0.19260646377338658,0.45005279450714836,0
-0.8635196055932131,-0.21654806162381607,1.2232118802081504,0.371105092387385,-1.293422903548015,0
1.0740015859264167,1.5879917172782172,0.5530431927715849,-0.3236960211423727,-0.42378562765062006,0
-0.7525157873290548,-0.17051388359059066,-0.38745620348085763,-0.40814698521781245,-0.031678643349057255,0
-1.045162217298155,-0.6538727529393529,-1.2066211187996618,-0.19414056489027692,0.11676185785082022,0
0.9680433957651982,0.980340567239783,1.6073329571535,1.9526413287092639,0.2568000665299498,1
0.5997125442523458,0.3588791637913708,0.5260101218899976,0.3864598131283738,-1.4740721927440918,0
0.31715737048906767,0.3588791637913708,-0.850790464869927,1.0313580842499173,-0.115701568556535,0
-2.2006110528658516,-2.1361732856088604,0.945965734655125,-0.024278966693084523,-0.09889698351503942,0
0.1506516430928589,-0.17972071919722526,-0.6181803200748712,-1.0060214240700767,-1.0679613875746161,0
-0.6314207128590743,-1.1050076976648677,-0.9425771706539229,-0.1855035344734709,-1.4474649330950575,0
0.3070661142832455,0.5614295471375155,-0.9413198185198952,0.3135248896086757,-1.6911314161967428,0
-1.993740300646297,-1.6067802382268992,0.23430442679565683,-0.6000809944801764,1.1544449841631703,0
-1.519451258972226,-1.1740589647146797,-1.7875178047202867,-1.1528509411557852,-0.8004884089974788,0
-1.590090052413067,-1.2477136495678351,-0.2145702850521,0.28089610803407417,-0.41118218886949853,0
-0.8736108617990351,-1.2385068139611743,0.1877823978366451,1.9660767093576292,0.10415841906969847,1
-1.01488844868066,-1.4272469438973672,-2.0037823717729877,-0.39567127461575924,1.48913630290629,1
1.3767392721013392,1.50052677901511,-0.4188900068315409,-0.3534457925780394,0.258200448616741,0
2.0478078097891426,2.3337454014163015,-0.248518792670837,-1.019456804718442,0.48226158250334833,0
-0.47500624166868766,-0.2487719862470634,-0.46163997938846973,-1.243059925509096,-0.5638238363297496,0
-0.3539111671987072,-0.2073412260171553,0.2506500045380115,1.403710062218903,1.64037756827975,1
-0.0764016215383688,0.18394928726515608,1.0943332864703492,0.8375047348949294,1.1082323752990575,1
-0.5002343821832717,-1.4502640329139798,-0.6276104610800762,0.02178519552988253,-1.559495500038361,0
-1.2722154819293827,-2.0072775871158712,0.7064401531229181,1.2252114336049045,1.2048587392876569,1
0.12037787447536376,0.30363815015151074,1.4803403916167395,-0.17974551419559978,-1.2780187005933106,0
1.2203248009109813,1.4130618407520026,0.7586202666850533,-0.8092890645761535,-0.3607684337450118,0
-1.7465045236034538,-1.9934673337058932,0.5058924877455601,-0.661499877444133,-0.7654788568276963,0
0.7561270154427324,0.7823936016969556,-0.8627353101431873,-0.3265750312813083,-0.04148131795659637,0
-0.29336362996371695,0.662704738810601,1.8537739754228553,1.5179107977300093,0.6923188955220427,1
-0.21263358031708246,0.8744619577633803,0.5731608269160224,-1.7449673597301778,1.2538721123253522,1
0.6249406847669299,0.3634825815946881,0.2996867377650785,-0.8342404857802609,-0.3355615561827685,0
-0.8786564899019462,-1.2154897249445615,0.35752493593033446,-0.717160740130219,0.6965200417824163,0
-0.5759188037269951,-0.9623017457619003,-0.44403704951208745,-2.6077107313645036,1.5045405058609942,1
-0.318591770478301,-0.7275274377924821,0.7931974503708049,-1.025214824996313,1.4639294253440467,0
0.47357184167945426,0.5199987869076336,-1.476323151548523,0.32312159007179403,-1.5020798344799178,0
-0.5961013161386681,-0.7229240199891648,-1.378249685094392,-1.2574549762037734,1.0816251156500227,0
0.7460357592368816,0.30824156795485425,-0.6037207705335573,-1.530960939402642,0.05234428185842049,0
-0.5456450351095,-0.6262522461194229,-0.1290703399382408,1.9027384863010495,-0.6478467615372274,1
-1.4488124655314136,-1.892192142032834,-0.05865862043271012,0.9161976786924987,1.1320388707745097,1
0.29697485807739465,0.22998346529838148,0.4688005997917533,-0.07993982937917059,-1.2150015066877022,0
0.18597103981326507,-0.08765236313080062,-0.3723679778725291,-0.44461444697766184,-0.45459403356002864,0
-1.3933105563993344,-1.1832658003213143,-0.3465922591249695,1.4152261027746451,-0.32575888157522936,0
-0.6768313657853313,-0.8610265540888149,0.2745396950845319,1.9123351867641678,-1.3844477391894492,1
